translation_key,korean
cd36ffe66d9604bd72d3482c4bc8d9a7b8c74845afc1015aee1f3bb9ae90db18,%s전용기 한계+50
d0cce79e2e866a70f4619d099e44aade9f1999cc9b501a238ea4e788673bcb9c,백식
9393fd8d5a6be5de6b34cba3be0d2122dedd723f953c5de376e8bce48bd793c7,백식[F]
351562ff38a0186ab18d814a666d2dd06b9e261c07e10311bad2dcac24f2c816,백식[메가바주카런처]
e089e658045e78f1715ec2f84a7dabc1b88ea7e12822d9381ed42dcdcedb2588,백식改
289a1fb59f2e8c37447b10d80f346249a7c2a7e0ee1bafed7cbbf18f34e96395,백식改[F]
b22bfcc3c935aefc6da3f1a2a08fa5c3bf982366d040721050a9f7ebcfdb32ce,백식･M
352f739e4185aa40bf00bbcfb731d4b78f5f4dd1752600eafe3290a29382d837,120mm 캐논
400e9ca14c5de5d0fc5536397cd040b4f2cae560a8e66954b32e94c1a16f2965,120mm 포
bac0c84eef1037393ade31f16f09ae7249b517187e6fadd92a662698d0ff6098,150mm 캐논
25994e7cf62fcc5b2321b935a2c6a729e98b4bbd73784796fb8353ca44f48ea2,180mm 캐논
65d830d03f345b3502dbaa14d952602eeaf959e19fa08fab130eaca5297cdf0a,180mm 포
7bb3712e86359dadb9e8393100f388bb597fc40e252f3b14227e07501ce300e5,20mm 발칸
78852c355ac409a9f6f4316c52575e737525af521991a50ae0b3303ab8560217,240mm 캐논
e10b45e15b1e519b27d6466422e29720cc9de54b65388190c003bb3c429ca473,30cm포
37b2cbf48c9c2c883995db938423930dc9d775d00ed118a0a163cccae8e73096,30mm 발칸
54d17da5fb8458c5271a5ab08be10c16198e455e24a771f0b8d6599aac2b96f6,3연 발칸
8839b89aa3bb24ec6e47b69402a415ac8eedef288c5c7dc4079221072d1b20d6,40mm 머신건
3e6f4451f81a5f764548e4cb8dfd87f04809fb35a09b22aaeee187741fb02242,61식전차
50605309484741f4b8c1283d91d342dcf468c25427984a988af68b3690d9a856,61식전차/개발
255a43142a7c7693d3866cc15963179c3384e9afa81e2fa735004bea6ca41022,68cm 캐논
a07365c5433146fecd85008c33ba6d7a179a01d8a126ea59432fafcc31d8cc48,90mm 개틀링
96be46967014cb3fabc4e1e1ac37cd3e8dda5ed17d440cb1d2c76f62ca87daab,AGX-04/개발
f085c6c328f647e0ab84cd277a31b8069ee691e8a9e7e0481a7b2708879b8674,AGX-04/개수형･개발
20bc7195e8d5563f33aa8ce931c7c7f44a732718e95107ee34da7117b9ce443c,AMA-01X/고기동형･개발
c247b8ac422cbbc6f088e20bd22d5ed47b6a100dc40dfe150cd55823bbe613b2,AMA-100/개발
0de6601e39eb8d6aeab979f22f05445add3c59cce8fd4c47a59d8b2ed23c2c64,AMS-119/개발
f8c32203e0ed543f11be97c62221675dd73a551eacf6b8a352019e57fe9a8969,AMS-119/에이스커스텀
099ac73b7ce2310dbe3e9ed1b914e9de7da75633f5b5277598ed2935f6827d22,AMX-002/개발
08f218229c843a1bde0601c4f138e78d5ac5b9f79597f6cdc03af3c0c7b96901,AMX-002S/P커스텀[CA]
31f448e7af5c5bda88bc408bebda3a9afb8aff9b9eaf2d98f6ccb2cde6a2c984,AMX-003/개발
36e54070507e4e0eb0d1553428ef1c1ca245afd41eaf7f9f0865d5a19b982ab5,AMX-004/개발
de049d0900a8d1ce841df90be98fc6d13b210ab58437906e5a473d76aa745edb,AMX-004G/양산형･개발
1ce52003001c51b1d428bf871d204381d0befc3f11261422554ddc93f84ac234,AMX-006/고성능화
f10f51091f025a2a786cfff3a5c3dc7da87df27df7dee18c4e08d26d21867ea9,AMX-007/개발
ca6a80bd8afcd850a6161184e890a4d839ab87501b42151fa2b3ae6c74f4c7ad,AMX-008/고성능화
df7401a92f0828d7eb8be7ea71bfb1266aca509fb651dd00c564d5df8ccaa827,AMX-009/개발
6f37d586901a3fd52b6e6bb06e8d55b2145d72f1124f71a834a4007a51195036,AMX-011/신형기･개발
dafcbc1c1ea96a9d0e059ade31bda8a8adbdfa8d6c51f2651b1f969a99062441,AMX-011S/NT전용･개발
1c0e594fc548bfd7424f17152ec614bd96745ce036194e94c2b22bd96a8b63db,AMX-014/사이코뮤탑재
c4d9f4a338488adf9a76b75730461a8fff4e4e65087206c5d7203b1087f15ebe,AMX-015/NT전용･개발
073897611e6f4361ceed289ff57aa2e6474707db962602e2bbd273d79b58ae5e,AMX-101/개발
3468c989af3e8f1339e11e1407324a8d0863d6d5fb5c7e49d48c5a642d68a619,AMX-102/지원형･개발
fe71d171b810b78d2e4a6e98f8dd682150f8728da0439337f01c09adf1cf0c9b,AMX-103/사이코뮤탑재
9750be46781befcc554cf77518d4464b6133ec3c36b503cba8f7497e5a0eb180,AMX-104/지휘관용･개발
ed1d01132c0d28d7370ee0b725c092a7c44a49fcded5baeb7c2924704fb91706,AMX-107/시작형･개발
7942bb66f9492ac6dbbf57007bf4e2f5ba33f48bff135a1e2c8b09eff42384e1,AMX-107/양산화
ab8a2dd2f16bd823dfe0e480bc976ca8292122020880977e8d7d3355f834c4c4,AMX-109/수중형･개발
a73b1e570dd547eb2da52ad8aa69e1273d929b624857210f679b94150900d2f1,AMX-117L/백병전용
f8dd7ed7518ef72b7fa41e95904800a4b44af2b68758bed91f773863e5ed2a70,AMX-117R/백병전용
edfbbc19b2eaa7c9550625e0ab3994685e1273cf4275054e012b36bf8b5e5a9c,A메가입자포
7642d6a5cf82dc466c0045f08bf602c85c489ba25698b765a4c96a3e211b5624,BD･2호기[N.S]
d1cd42a152c169b506a9f93c856ed03ce1ec1b755e9f24b52f52bf2f679a9141,BG빔캐논
55ce8afda62312a9015e3853887344051b6f004e1702362a00481e689f30ad45,BG메가입자포
3d117326cb79aaa7568408b8ad88476a6cc60080859aa00ab1942532cc55254c,BS유닛
d6e1c051468b268730e967e0adb19907618fd9a7cdd1d5e61ab0f462cc079975,B･압스트
96ba5716d3dee627f949b33bf182e140da750a9b72d1cdbb94a94f5dfd8d2492,B･사만
e7d58357a9437ebd31df400b9b8c91f117e3e6f19e021f5899e8d7f242f85847,B독･MA
eb6e225b3e8ed95214f83a5bedd00c58ca7edc5c8d2f04069913000926af44b1,B미사일
d1b6ff9b4d5b818ec92327b401fbd6c0965571172292a1bbb3153991b09363d1,B메가입자포
f3ff2565084a56013d2462acaa876258d74bbeeb582d2a8a6d8826bbe25ecb6c,C톱-ZZ
3266f1c2a206f893025b66273eb6c4cc82e6d5385443f8329434d1ef62b30968,C발칸
8463bdf44d891e95b9ae908a4107d1e1e9b1c455bcf8fa2afabc8f44046c0900,C파이터ZZ
3a18fbd3203927d09893e1628aae40f7856d696ea8995492ec9c36103718db5b,C부스터Ⅱ
cddc72ead3ade4e2d56c2c294c78ffb35ac6a3659c32a73bebf6d1555d8344f7,C베이스-ZZ
9e781863930205a3398ff8201f31dabeb0a8623ffaf8e8f4b84b62ae50b34bed,C미사일
e65456c0b5bd5c88ea069b0af4b4e58a1786d89f2ed670606a2ae3d23460a25d,D건담･MA
ef74f03e968690bd9f76f19247deaf936958f2df0e1605af789de93810fe4bb4,D자쿠/BT
9b077415e560bd0a305a17c15e0c8481ea804783d83a26160e946a7de85aaee7,D자쿠･A
f39a3c6333c33983e806319d6dc8e63162b0f5718e22357aebc5999d2328bb95,D자쿠･B
5325c1ce2fa366ce55aa5011637b5406ee5418bd6ff91c15ec3b041d20e62cd0,EMS-05/개발
62ab21c37e79bfa4e62781ebcaddbb4a4171aa452c7a5d1a64ef559f4c7ebe28,EMS-10/개발
595e3427423307e8ca6818dc247f1d8472c7cd50c04112338f81c61b5e319952,EWAC네로
d5c884a75ed0fea1c741a802bb76a8f0d2a9dbf4967b7ea78ef75f9dd6614c11,EWAC네로[F]
2f889adcb10bbcb3466163cd2ac37be2b5f4ee7cec6767c46a53b29fea3b9382,EXAM･탑재
09124598ab8b8b270dc4ee16ccbb9abbe10657c6ec1dc8c807d37542f7e52a1f,Ex-S건담
7e3de8b336911ce4bc8f584ac3a8a823225ab5ff3982a9004ae46bcf73569d9c,FA-007GⅢ/중장갑화
3a8121bdf13f5915b9abca22334c60490f2772f0833e67353a4470a951de2742,FA-010A/중장갑화
11872d50c39a82d0fc3ad4d2c70dfdb30392885e9ddd627822b58b1a384dcb30,FA-178/중장갑화
435589927584ae5badd6851eee2fdb7ebfbd9b4d24d5323e937a6380fbd98c44,FA-78-1/이동포좌･개발
d9f02dbc4fffc1e67d94dab2156d58037b128cd886cdb41e09f551e68f8e7904,FA-78-1/증가장갑
373dbd5066aaab8ff1c61d3e50db5b6c8b03725673e8ea7575f49b9bad431bba,FA-78-2/장갑･강화
87225432f84254044d289370ac7ca9ee32064bfe5345fccbd489f69303f5d059,FA알렉스
e7bd62dd62bde12086068a4ef343fa6506e9e0df4b94b531ecb09cbd38eeafa1,FA건담
89dd403f10a661e4054ee6aae039c8ef05bed240428d6f9dc392865ee67cd27b,FD-03/개발
fcf586377b52de2e797ba5208628ec3c6e21b123ac248d52259022a31da5e0dd,F바주카
2f1ab69806733a1f206f00f25f9ce5e5c21c055158d540f03357e52025bacb2a,G-3건담
ca973177f68f49e7933f70ef91686d30e63374f7595d564375e2e4008cf82fd0,GC디텍터
6c2ff758e3b76075e774892a031dfaa3a3d7f1d712cb8d4f386167f24413f640,GM스트라이커
a422d973187ca9cf9af2abe9e637243f851a943dfd327a4658524f020c54b2fd,G･캐퍼
eceaf162ca54a48288712ee379b7e00a001887b9d448ae0c9944691421ec12c3,G･킨제이
9b89fce5f5bce3eb45eea54f10af5eee1dc3bae495edb5132ff2fd7c17660e0b,G아머
5d9b3e8a5b5ac19d28ff854f1b08ac1edad047b6ece2657b5bfe1458f039597d,G어태커
eed75a06e3508e18ed26efbcddf7e5bbf41a6c83201a17ae89dfcfb7c5730e5d,G알렉스
1d3ca754fcbc1cd6a9b949b7aacbdd4d6a12c40af60c1cb047227e6ec9d64d17,G가베라
cce99793b21ed7a01717cf708741450700840d62451d2e4833c2f18630c8f956,G크루저
a128479869ad8538aafcc3d4e25755bff41fc59848e00b21ed4e28d696bf2bc9,G크루저모드
d58a313386e992036ddc1884e145930ec5dc5e0f5da7c90988c0d76068e2a7ed,G코어
ee711b2b02d1bb31e2c8eb452d0ae3aaa6748fcbeda9054503445fccc8f14518,G사이살리스
20913f90454f90b8bfad46059d2067ba4616d186dc2e4b3430509641a54e781d,G시작1호기･제피란서스
770490f61af465d695f9c47b968389b84c3c684cef71a260e00e194a5561828b,G시작1호기･풀버니언
c9d6298819829d684f2286aeee0e4b266a13f51da5add6f55953595354185af1,G시작2호기･사이살리스
759461d7bc7946d383e01d25b62a52315d44ccd53f1e6874568fcab141edb005,G시작3호기･스테이맨
e067ccc6d9eee9bfeaef44a964ef1d128917026c82a965ba218e912f25751abd,G시작3호기･덴드로비움
e6641ee6a16990a9680a18316a64a556418d5aa27a8e9987533a835cec13aa9d,G시작4호기･가베라
d41999b6436936955b13c689a5f6c1ae1f091f36bcc58f5c6cbb431183c8e084,G스카이
506dbe5c4f12e0aed991e2675495ccb250d35a0434e7203b93ab60f56a114a4d,G스테이맨
5993f4efed078c0eda90e93bd18743f766de45d8c4163dbc98591868bd725235,G제피란서스
1d761e2f2c7b361992bf8a6f760e5f68e39b75230a95d59e18daac9ae13e7486,G디펜서
06b89b5d226c2d982821ac3e40ea22e7fe0a9c15577060092068fb307f132ba6,G덴드로비움
a8e42cb27e781d82772df0d80af7c6cc30d18cde1d6d3fca65b2213db25653b7,G도가/RS
ee10c1f42cc1c3da997e65f2db8dff00f92f34fbcdcbff676ebc0357c896f07f,G도가･S
4d7e3387921e29b3a6deb1400d2d967820778a2ccdf2abbf3abcab6a0d0eb69a,G파츠/개발
f6fecca7b24ffc50bd848610ff9a9472f13238992f44df770cc1410747c37c79,G파이터
ba4fb1111c33264b7a247b5732071b59cb60454a4878ee3aced5409fa546e578,G포트리스
7cf2c856eda36fa3a2358091a2904e2731a239613b54948394e446eb3adc6070,G풀버니언
139cb939108f1074741ddd8ac56d8f601936aa9b121f9d107d600e6ba2eba137,G불
32a52e3b5dcf75b42cc576a1cf998d9186a6562d2ad644f5090f7fdcb62f45fd,G보머
dcb4e2c89783b3be035ddc5d379b914706bc549be9be09c4535850cde7634a20,G육전형･A
3507b9ec69c183884250019e667f28b6c7322851272f6d52b28586a786ca324e,G육전형･B
e43bf2ed5f7185ad3d626efe90ae1db7237a41323c8b80ddce171bfedf2c516b,G육전형･C
122386fc30d802489d3fb8ee3a1ae9395a0ee10861e4f2023eceb747857bf4c3,Hｉ-ν건담
76833cc2bfc70ccee8388fd7473610e89b573aa493810d3a0ddd4f50ca79dbc1,Hｉ-ν건담[F]
a61862c398d4f5cf6ad1a8e1a898ef336988317d5ee9272c7c4315a7ef80f653,H그레네이드
5e99a19f5ab9ae3314ffe2e0819d27209d4ea5a7334035cef2a525bd228b4c01,H바주카
56ce8fe2a39f227468cbd0b3b9828ec637feb3b2cccf7d73f39c974d6fb611fd,H발칸
b3ebe87322cfd188f784086eb985f731254cdabdccfc00bf674f9bc2bf0245cb,H빔캐논
9471c5da1b46fe647e91d13c43bdfbc0322f5afa73e128e578d67326cb0251aa,H빔사벨
88bef0596278009359ce9dfedfdf96afa9d78c8ae1bd27c16022014f20ada96c,H미사일런처
673192f1915a61898fb8892e4ebce9c9ae37253ffd303eaa6904199c84255f9f,H메가입자포
419581687bcfcab26485f2d0b7a8a0f2bccb324a26c3d0401fea13a16033c173,H로켓던포드
4008697ad13d4bad6c27646a3a97442a5a3c3baf8565b5664b8ba75d4c9463a8,H로켓런처
b91507683d1d7b49af1d1fda9b0f0fd279b6137ddd2a55ea22df63bae30fde00,I필드･장비
86b8e756782fd3474c114998cf545cafd3e78b837142f0dcf0186dfca7fe9b70,J라이덴
0ca3c60c1faac0c53f4824dc1d97590ba6a88d4d178af6042e9a9eea24ebbec8,J도가
bbc8f29408c0f4726b46caa3d8345ad5a282a38c298d7d5b73198ab12dfbf968,J도가/GG
22501e1fd9cefc6453e5db5c8b712ee0cd27c2af9137c0e07339f5abd3a43036,J핀･MA
68a1c2c87caab60928cec3f02ee54dfa837d7047c1ed9be1d13103c44b9d627e,L빔라이플
006c784b4d3b391083b98e2cd95db6b1510760b88585738858f40d8c8c2898a7,L미사일
dc3b083c037aa1388f6f06f6105484316917d36c5d8a53dddbe9d2c6cc23e53c,MA-04X/시작･개발
c6e9bb56dd8669ec9daf3389a809921fbc70dfea0d1d970f55c0104d486d347e,MA-05/개발
d285ed75abd08f2c7b638972f74e4f14629d1e7b4cd1a7d10e2b767d66bf1aca,MA-06/개발
3d6c2b62eb8c6c5009919f3d289aab19a077eb9a64e741b66480827198f3c33b,MA-08/개발
72239305de3be1945b07599229ebe04190048965a6d46e64d8d9a72bd8363a7b,MA-08S/자비･커스텀
a2c97ab665e9e9643a916cc7dde1b1baae5a82b452f1e3a2a8e018ef5ec69627,MAM-07/개발
286c595a27e271b3eb412034927cd1023d958e88bea100a4b78a5b0edd4d136f,MAN-02/NT용･MS개발
300c9f6bb4d02c52e8a049c648b7342b001b7f39570f786e128a15e4351bcaf8,MAN-03/사이코뮤･탑재
d5ee5447f052fd05dd02dc725a08c1eba4922910171d0b0d80896c7d105699b1,MAN-08/개발
950698c4e9f83b3cd280df1aeb087dfc58355c8c10ae9cd212d1e7ea36eb743d,MAX-03/시작･개발
3ec457216e3b206717602f22259dbe8c79276ddb21befd6495f62ef3e867fc1c,MRX-009/개발
8bc7909c76ee27c2ecb2e30252f5007c6b44a4009498908d01d507a4ee2de6b0,MRX-010/고성능화
498edd2f2d45692aec59e65df93a1f6794c9b5efd0bd549e1ed3a3da0e2623f5,MS-05/개발
3e2c51208cdc69aeb9f4c3b634678d61e243abe026e0d089271cdbabbf0d1bb2,MS-06C/개발
b6cb1b689c706e431c2f4401899d1d00cc0d070864449f0d971e6a9e3f05df25,MS-06C/핵바주카장비
390a28d604533b55e0a5cfec5f8689cce85f30e0f2a5306ae437321562cc2a20,MS-06D/고성능화
44648eb8870b81dd6c94a6c9597f08f7202760951d2952b32e1676b2933f8533,MS-06D/사막전･강화
fd4f2a468e0c8ec43780df9297062f91076b16df46d6296dafb9e70f37e4af26,MS-06E-3/고성능화
7facdb025152128fe7350593288d83d2c939ef57d15b03fd757a5a9d555eab18,MS-06E/정찰형･개발
b3373b0b424bd6a90c528e5a6a66ccbe893350f410ec6a5ff417897ba1363c90,MS-06F/고성능화
f4fe680bf1f2eb8d8952a867885f19dba507b304fb7d1ef176440fe32b6330ab,MS-06F/스키우레･개발
787e22c641d96a59bfa87e062d9be3c88607003571677cf3b311f34fb90a7557,MS-06F2/고성능화
5c91638f04f3f76ac9c96aa1b1f6a23f5f3acc3c239e4f612cacfd597f3e0d2e,MS-06FZ/개수형･개발
e5ad9187981e081800a9996f4fb5eff37cbf92f54b6477d50fffc350c1087e5a,MS-06J/마젤란탑포장비
d707f4aa2a72059c039557a5bc33780854b847f7416b484dd8e7214a887ec7bb,MS-06J/육전･강화
111fbee0dae3b768625d916e4a37136fe05176382326c201d64583d7bc3bae35,MS-06K/지원형･개발
b29a2e8e46be5ee06c7c348d5acd659d44cc1ba7ddaa7fff8249c7bf858187e0,MS-06M/수중형･개발
0a640cd61a0a218f3024fb885228116ccee2e7501f558e0fcd2fe333a55aa752,MS-06R-1/개발
1b9d218914ff43c7a2270e7134eb37e7ae610618054bc0ce0a67f23866b8b629,MS-06R-1A/개량
9dd83dac3698c8135cf16cf93c7d99dfbbb09998d28a2a1309195ce4a8147d25,MS-06R-2/고성능화
679fce3c8389dea905daaf50933bdbd81ab0335767d7a8e0e33f0ad6204cc2dd,MS-06RD4/고기동･시험
e473f244f6c76a0373069dbaaec74ffd00bccf1963a5bf9d399763520b5e1c37,MS-06S/에이스･커스텀
59e174e625156e3df47fc863ad190b2376bb4e5824680fd75c3c85d949437156,MS-06V/재생형･개발
03bb8878f7a556460f7967089c00c128f3f3c6a73c4f393a5965f5954038e215,MS-06Z/사이코뮤탑재
3326ec456b7234da1a57844a957c9f06a09f5cc6ec0f21dfc61a30733dc59c99,MS-07A/개발
082456e08f76d6769265e9f1ffa1a90b1ae0e19c8ab3106474de7b177fdf4001,MS-07B/개발
808f8bd437f13a66b9635cc480697050a92ea395da47ee17d9afe352f0e3750b,MS-07B3/개수형･개발
46b6e3c0846088e4eda57d00cabe49931796c33f93455974b0bab7799f77cc85,MS-07C/장갑･강화
97e95e7ce70f6b8957b95fe254c0f29a448f59595a22163fc37bba9b6ce3be6d,MS-07H/비행형･개발
4ffbaa877ead75222dc1a63022376b2b7d9e4aded48f7fdbb558f12d1ee2a523,MS-08TX/EXAM탑재
0c0efadb930d69d1ba55bb310cfb2afd2458bb4029dab151269889149fdc1625,MS-08TX/개발
850b43bfaa0dfd6b4c448d3bb10a464d9f0e2140ece4effe20e7e07085ee192f,MS-09/개발
0be13abaaebae4d61c0b3cfc5795dada3401317385628463e08dfffc911eb27f,MS-09F/강화형･개발
a6201eef879ebaa2a75ac98ee58591f38e131079f3fd9199f3f1c6002c036584,MS-09G/사막전･강화
c454631815be35d13d0a4f6e4a245ba007b44c1586a2c294c1e0cdae76f872ae,MS-09H/고성능화
f5cf1fca6fe7365c1011a15d336caa48d548488ffc709b9327c0a1e7d6e163f0,MS-09K/지원형･개발
14c192cb0467d0ee490ce8c68ebd244fd6345e0a33a23a04149533f09c7476fa,MS-09R/우주전･강화
7c288d4e60d6d0a23e282110b4d9aa875c0a0c30acbbab75b736cc365f4ed99e,MS-09R/슈토차･개발
e13b4de472496ce8ec9413d80f7405cfa0ec59e306f643a46c2c7bbb45a90093,MS-09R2/개수형･개발
db548a45be3df0932187551fc6e0b6bb3cb6192fea7f41e40361d3cbcbe73c3c,MS-10/개발
ca8e6916f14b0fae7745ee04fc2869b150c278fc65118d8d96fa258dc1bb6c93,MS-11/개발
ff7772f3fec1343a0ad76dc5e1050c4b2ff0d1be99723d8a54c11d6b96a83d7a,MS-12/개발
cc07924466dc7b94ee4fc4e134e6181222d3f5ba6c26a7be0ec2a4e47c52ac71,MS-13/개발
a88e0e95d79e70f6bffe378a124bfad555031ad245df29259c1ae3cad83b3764,MS-14/슈토차･개발
6aca52aec23ef7a4ce76b0384e9cbddc542de69ede3da793bced0b2f54be3633,MS-14A/양산화
19bee3dbb4562e2054074a57e151dec338f422d0d1312d2a4800164d1adb65a1,MS-14B/고기동형･개발
b21198c5f5e3d7dc03c82aa9f8b11b2be2f1e59a8ac137d439b30621ec4b0f0d,MS-14C/지원형･개발
64bfc86866a41abc86ade1a36507887fd2dc3b1e42ebfbddb2407ed9e017b3ed,MS-14F/강습형･개발
d3128849d651f8bfe19f9f174f7520e60e9a765be06f94c82830ec4d37212417,MS-14Fs/에이스･커스텀
5dfdc25619acbc1b557f9ad5172c9dcf0b7857eefd8d75283efa299f7c18ef57,MS-14J/개수형･개발
ff6d5dc2a879ca4d58f7fa81bc5c1f224f00a4f155b33c24f08ace86af2c0023,MS-14JG/저격형･개발
9dd8303d2258168bf777c1f9eeed44d78da2abac9ae50f9afc6504ffdf08c9a1,MS-15/시작･개발
66750f3872f374adaf2d33cabb6cfb87565891ecc7f480e1a37dd6d6ee6cc5a9,MS-15A/양산화
aa7b4aaf7318bd1687b2ae519984091b330a2429ba0422c789074b5d79aac448,MS-15B/고기동형･개발
ffdf391ecbf0ee7d1c9fda139589892c6ae90e5e185bba558af918b61e5abe8d,MS-15C/지원형･개발
b739f46af629920760eed7e6cb06ee95dace9921a34cef06a00e900fdc7efdf7,MS-15F/강습형･개발
a30e7f3c3b453df34b008abd29ee7a53e318ef97f2eafa0acd0592014ca9d397,MS-15Fs/에이스커스텀
2ce0507912d066c640340297ca508bafdaccdd65faa07054896f883d7a5b1b71,MS-15KG/강화형･개발
5805f34b99635d5071c4193822bc613d7fbdb71e218c982207a2cd165ce4fe15,MS-17/개발
a806dab0fa3a7fbe03d545921473a7e866914a5d451fd744e8f01ae632bfd4a8,MS-17/개수형･개발
b4a64902cff3c5a9af8d0cf09a6d80b59ce723acdce394003cd16e239eb222f9,MS-18E/시작･개발
2497e47b0fa8d89a3596aef5cc0b7e8e6b8eeafb08329c778ba53d5dc4712cea,MS-21C/개발
02360c0c822ff9bd16d4bf5f0e12e2a3a3399cd37ff01e4ff077498bb07a7f8b,MSA-0011/개발
0440fcd775298f8bb898e5c0996da5b6891a0566bd74c283ab916f000df76b07,MSA-0011[Bsｔ]/개발
c16e3dce0381b2161de160c0fa269aa7315107d7066e3b30908602a9c29bf9d6,MSA-0011[Exｔ]/개발
152f6d957814f0e7efcb5fa6cdbf448df3b254f7b27332ee91136700419ee0ce,MSA-003/개수형･개발
4342551b5cfc999ca6cf2b2db06014b9983702b4c98a2eb1a544106be3d75252,MSA-004/개발
adecc7fdd2f5af29e1c9e913b770ec39307ada02d779154803bf5eefb37ffba2,MSA-004K/저격형･개발
bcb663769e805e0f60954c98e2a7a9b427ba82e50d8f6189d21ec3de650ea156,MSA-005/개발
2ced97c463bce1c487d738ca9792aa111048c3746164a28946173eea6134be8e,MSA-005K/개발
ed975f631954b07901d190fb14c933e13e49f134dd8fd21c3bcd25c887f8255f,MSA-005S/개수형･개발
4096fde7e9dd5c7e01b6fe950c75648a7970bd9680368d81426f8ef29193d3ed,MSA-007/개발
d0875032527e6bb58228d9e3f6752c28cd0fa5e3b42f48705a2774e0130c6b0c,MSA-007E/정찰형･개발
8a1db94ac1c7d95cda1d847356480b207170a044378f9b4fbb9fadf3e93c7071,MSA-007T/교관용･개발
5f7760f8d7eab39d3ce2887873f948e742c9abcc7aad99d825ecabede0cfe232,MSA-099-2/개수형･개발
cbe201c7dd183580870efa99080ae6234a212657974a55adf64eabef2abefba6,MSF-007/개발
713856c2c24c2396bb0db4bfde724e64b4bb8b8198af0055a79b355637547e0f,MSK-008/개발
f452cc92e723991fceb3e5ecb09444d74f7f227944d243ea1f65a41a334408c3,MSK-100S/육전형･개발
c6a3c94484230dcce84acadedfb5a91eba6cc8ec2b39fa3bc063089d34b8344d,MSM-03/개발
d66726b8de1240bce18210c5c62073a0f0353fb65595c69129e680a2540a396e,MSM-03C/고성능화
0ee5b2196d80c60d71febb168d787e776599806f7296bffeb8e624d3e9c10132,MSM-04/개발
cd6b48047c2241d2eda5f74253d4d2db6673a5408b05bf0d7ce4cfdf9a3f8749,MSM-04G/개발
a4d1938f33b5e150a74836631b39a9222e99bbc16d0f764ec4dad89eed40857d,MSM-04N/개발
7eac3f5b1ec97eef18b2ab4e22d63bd8343cc03f874b88309bf090be227c170d,MSM-07/개발
a860467632107d938f36c78bfbf73d0286132a8f1bd91dfa329b6e111cf1db3c,MSM-07E/고성능화
9aecc207e1ab3a0efe077ee233eb4afe4995e1bc9360924af893d55fc6b4fbe3,MSM-07S/에이스･커스텀
a8e15cf3c7f2f9128c1910d31fba1aba684b4ccfa52b486ee735510c3d257474,MSM-08/개발
aae6bb564cddfea1667ea2ae214a36fe146c9bd15c36a97f8b3b4d40177c2805,MSM-10/개발
2510524845998c423513112d98ad409a4a68efae5ea84b0021bc9ba46f2a0615,MSN-001/개발
13ae42906714b0d0bbe8a9b930325c624eb97c28775bce6a0ade56181a4e2133,MSN-01/사이코뮤탑재
827da14c6fe13bd5b634143b5dc293583efa01fcd2ddff6ecdd428cbe3823c13,MSN-02/완성형･개발
e5c13beaceff25fc4ca9674b6d648352283a80dbb1e7422fa3f8c49858f11be1,MSN-03/개발
4fbcf28889cfb2d5c1e4b926bde053a7d9faa354c61860eeaa28c79aaceca1ec,MSN-04/개발
6f10cef811782329a8cb9118e54122acfee6979bb64ab66e1172d3710ebe823d,MSN-04Ⅱ/고성능화
033e1d066e333cd8e33afe1611e508832aaafebca37b3ddfb49fc2954b49ee6c,MSN-100/개발
1118b486dba44a0cdbcdabc5991f322499eb0331fbbde6dd79f8d9d6417c9c8c,MSN-100/무장･개발
40687564da302dca8af5da4f8ce5b4cc8468f9a0d232fcc5afa5be8c536ed83f,MSR-100/개수형･개발
4233a45b051017247d5c7ed79c869c43c8210c9319c07299bd8ba1efe26ba941,MSZ-006/개발
ea57274ce46ea68b43d7e373d7d582bbbd71734c74352696c7bb00248a610fd0,MSZ-006/무장･개발
3549de9a66e31609b8e8bae42eca971be34b075e918deace8a12b17079d6cb94,MSZ-006A1/개발
b2976d367a88223b21df4f4612b3f6a899af5c9d20c68511e69c15232582c567,MSZ-006A2/화력･강화
0b6d6ebaf1d037535d0ddd91da1c343170aaba54f8e7cbadf3db81a09a0619ac,MSZ-006C1/우주용･개발
9e8d7d0787669b21e22fd8864ebefcd3bc7545695913ead2cba0c58cc0196262,MSZ-008/개발
9a6fad67b6dea4e91f97789d4a0d6de050e73d7ae79466f9bc3393983ec9bf28,MSZ-010/개발
073702a25cc6b256fdd78d4eaba0f019c64e36f0a37757fb452a30b36d858575,MSZ-010S/중장갑화
8a4d1a7d59dd01410988ff4eb098a558e02aa7fe46fb29fe1722d73b68d50c0d,MS지원트럭/개발
f51ee3dcaa1a6ac31a79500951b08ce137c7b35d859a72e298b7119ffd287622,MS지원유닛/개발
2a917f32f7e4e2f776bdd09fed44ba1fdd32b6d7a4bb7da2e90c399c24f1f8a1,MS모함/개발
4e34a092b8e454edef42d219c2b8e992f4de0aa6e91b7e1e5863261ad221994b,Mk-Ⅱ+메가R
195f5e658fbb9a78167f857c32420a24c381cbbb99aa9b13eb67023266fb7d6c,Mk-Ⅱ디펜서
8dc327e4400d8e20e63718911a251d67b325340d3a0599e87f4980b3e49172eb,M형잠수함
3ef62efad5d03bc444053f01446bcf1850e130993412e580b35a1c427314a968,Mｅ02R/개발
91ea60c17bffb53c4dd3f29f6e4f1c105dc24950da4347bf03dace081ef684d2,M･힐리
2f9870b00af538a7bb332806d84c26e4a8780ddc2ed47f8faab81cccf43c79df,M메가입자포
d04a622ccc34138a59c5926e8b98998b468e1559d5a90686b15b46335671357d,M런처건
acef28c7785a790e2bdc33728ba268c6f546657236d5f7e3ba429888fbd7bfa3,NRX-044/개발
862d107134830078ec4ae57ba096db518b0f0beb3af35a74ff3591c647222919,NRX-055/개발
8c74bd4f22759bbd4e290ade01ba1962f9f8a248bb2114f9b9ebcb603f30fc28,NT-001[레이라･레이몬드]
5de1a3f3e0b5d78144c000c0f86bfcd2357ca59410e242921d0d8aeb8f8f6f65,NZ-000/NT전용･개발
dd0886dcc0ac0aae885af7691a46870cece72b11b6f0f60593de5edcd08f3726,NZ-333/NT용MA･개발
9ca1f7ae3a3492d0ab57c92c782982aeac7824224fad00669481150f727cb7b0,N･비터
8b402f5d9d6eed4738b83da1a728e79a4ef06b56da35d9b185a0aeb0ab09f1e1,ORX-005/개발
af133778ea097a6f8c3cc2a52adcc5c35b449e3df445a037111abc8e1e4c6d46,ORX-13/개발
79584729448b3a4335648f77e1f5eb07637c333fa8e0c761c60df38e0626d21a,P-아프리카
1c701dd26d0129962ea77459a0b519fe2be8fea7499f1b33428bd65f1c33d6f7,P-아메리카
1a99f6e88288d2185e00aaf2c76e33748cc719126f0acd1eadc3b99d416f0d4a,P-인도
cbabaaee44ff987dbae900b1de97e92e37e844749c40f4fd3f0ab1c3618c672b,P-호주
72b7184b984dd7c6a29823ee14c28668d0a1b137db9256b94dc9cb47721f3a71,P-오데사
b3853aae053866738fe416a75a4c84d81fe8e22d306dd1329986b3066c1b1fa6,P-자브로
63222e68d542c55966e147db0ae5cf7e432f4483dd664739ce1f5b8ca427550b,P-베이징
ab143309a805e896210749c1f1048163c4c0d7f84ff38a3cba1c1e6db400e0c8,PMX-000/개발
083599dfc7679bfe96de1fae6277f57dd58ccb7273945eb879370819eeefeb63,PMX-001/개발
50bf8a2b2a0a4d5e0c44d12c99acb5c31753bcf564630cf64c5ab55959410e52,PMX-002/개발
887042e1de18b024f3eb8d06e440676dd7958129930e5885071aa2d66a151ac4,PMX-003/개발
87d3003dd5df8244d09b407fe19631ea04a49413d0c4cd3becb583e7c0423d4e,P지옹
d9a35069ba162de117056978b8ea65b3ce29e547f76fe42a683ad178d6e44496,P타입Mk-Ⅱ
404971b17591b96261f1ec119748e5e3eaeea9d4a82db5f69a094baf5dbb1456,Q만사･헤드
62dbd2fea6a546b96016b9f8caaa0165fd4be3016dbab2f668083d5fb2ba9060,RAG-79-G1/개량
8ffb3bfe377bfb36575c67b40e800d268cc4e9452e3cd377f15caf74c05579fd,RAG-79/수중형･개발
056b952b8d580576a3ea5aa3f00f72f1f0c387e3b004b80315ef41f46b83b4a7,RB-79/양산화
82ccd5e9a3fba0d2c9754886c11214ba2aead408be400c15464bd8e2d6bb04e5,RB-79K/시작･개발
66894b8ffa891ba376e28c1cc39effb6f9964821e86e1c2f8ba81e3b25c2db68,RB-79N/수중형･개발
3052ddf518e884c06987ed652aa84c979a34768ffb1272d542546548261b5ae3,RGC-80/지원형･개발
1de9d535ee7c8b49457eb094be8d1fc0d7e8e6901076c34d61c6ea0654f2d39a,RGC-83/개수형･개발
032d6372126d0d410e8abdece7f426b8f56684dd976018541d1eefdfdc4fa47d,RGM-79/개발
2cb6e3f6937aceaef8ef61033565716772d023c8db547d5bbc7252308072b27e,RGM-79/운동성･강화
5a811a4a38bbb7ffa71240495b9d71b9383277d8a5dec6aa8ecfe36f1c6d1103,RGM-79/강화시험
07c473571957bc0266e415922b87706aa850d01d369358e3ba94dd9d5aa60e11,RGM-79/사막전･강화
cf5a7f2514511d9b99baebbedd46c526955cc246f81fd358cff3b4a985f86920,RGM-79/저격형･개발
09d4aa93c96bae21c812bc9187e685c898d37314e8875439a551ee77a14f0bc6,RGM-79/저격형･개량
6e008be8a449a6e56f328550bec8574be56de96dc589e54d716f69e763c0ebf9,RGM-79/육전형･개발
ccc611e51eb3da8b0d81e19e9787617bb95295c4867fcce241f9be10c1720de6,RGM-79C/개수형･개발
7847dab86b4f1ac46e23bbf64e9a5985672edab59b349d8a6c75efde3d93332e,RGM-79CR/고기동형･개발
5ca282d38ef451532a7a46a16350603ce58baba10e85c4912b38b124645451bc,RGM-79D/한랭지･대응
3aece70f2a34e280b41387461f63f4afd66120659c308ac7583b841dc4bceb5a,RGM-79FP/격투형･개발
6e867d75a575708cc6b30d123ab2d9f3db7b84962f7736ddcd131d294f3a64cc,RGM-79G/고성능화
bf10eeea3a11b07dcc6b82272e57e87a02dfec47342c8af419ccf78fef52164d,RGM-79GS/우주･대응
01260f0b1f1115599f4cff3cca465bc5c083b302fb8ea065404b3af61ec163e7,RGM-79N/개수형･개발
6531f5bf661379610a1c429caaf6672c86a588d9a0a76b529cdf45a05e9605f5,RGM-79Q/개수형･개발
0267fbec2dea640202129ab2e3aaa5d9ad36ba246a7df813167270ab5d1c4c48,RGM-79R/개발
75fc2c94ac7ddbda7a69f59c4dff0c8ca9b64455159e4cf59dcdbcf3a648195c,RGM-79SR/저격형･개발
87005a38468327b90b0df2df65110c7a18713692d80ce8bcceaa5e39d5ba3d8b,RGM-79[G]/개발
8036f5750b9ccc1bc9e045b4b186e536958677b434816a9687b34055452f879b,RGM-86R/고성능화
085b96abb7cdc0b60f43a7c8f7a2ea18a3a87210e8b0783ccc84fe74f938d58e,RGM-89/개발
a9d379b55126d16b2fb866b48d65bf59834ff36af9802da76db2a6931c038b18,RGZ-91/개발
dc012fc5216a3a4b53e1e3c9237d430133f786ea0e80148bccfe99512004ab37,RMS-099/개발
d9bd99f00097109a8c242314506ef5a44e7e105f7b60fa62886ff0d89f9e45d3,RMS-099/고성능화
4cc6b0587c0664aa9f161fefce27ec9dde8a7b0e49c74fd26b92d7db59d34dc8,RMS-106/개발
8746f416b314f95bab554311b1843330ae1f1baeae9cd54774ef494f5b79f573,RMS-106CS/고성능화
5dad155f7d63358a8b65a7ab981db5b2f0e14f682bc190cd0c385e32814ac834,RMS-108/개발
a39c567d2b17d480aa9bec509c8eedca63f095e390832fb0c619dd7ae41aade1,RMS-119/정찰형･개발
2ed2d516469fc574e0da8263d6127dc28af9874448adb0a04570eb0139ae3f01,RMS-141/개발
131c15784b7c888543b7599609b63660db32070e2cff6c9e7cc32468f127adf5,RMS-141/스나이프･장비
0aada85ab662a07a9ab73a993aec16b70f00d27604f00f3e0dae9962581dfcfc,RMS-141지휘관/개발
62d87b94d48fd91ee4cfa2c05a1bf57c2b2cc76ec5175380795642cd12de4eba,RMS-141지휘관/스나이프장비
1610b5d6012d6729f3a395dadc10aeafdbc298ee2c8cc9f1c69f8e1d5a4a043b,RMS-142/개발
4ea588546d9fced20dc40c2b22cb1c3d115bd65eac4d1ba929c0706b6b578a0d,RMS-154/개발
91849a144e9202a03ee94b9b57a0a30d87fad9e0fd305cfe6fc3c6f769b6bfee,RMS-192M/수중형･개발
276cd292109aafde7c271c5bed2355505dfa6955b3f37b8b1e59cfb0a4d57b7a,RMS-99B/지원형･개발
2d295ab0221937a63a959769ee1cc46ea26290b0e11e0f60166189fb68e5d270,RMV-1/개발
fd3decb925eb0c21307055a5c04b707698f28054a645b9fff5f92d1d4f9f331d,RX-104FF/개발
676338244ae161ce87b3c451dd62bafbb7dbc7bc1d82b02993308dab1a2a6e0c,RX-105/개발
ae977cf6f77a1a405f02aa1aec6de54ac1e59d668db489f8ecbbfbdac36f1105,RX-110/개발
21accffe19d31c8ff6a6bf0627eedfb90d665b7cdd853adfb69676f14b01a546,RX-121/개발
3b440ac13e2623000799ce6db3ff2971866e66694ea1a5d8d3344353f5c7f14e,RX-121/장갑･강화
d79f38319f44613a20e8dbfc338cbd97e941da3543baba2de436764f015f22f9,RX-139/개발
018398e5727a3e9e34e243b1a71291d3da156449c414c58742f861d994fae853,RX-160/비행형･개발
30ac1c2dc832dbb0498dab230c8af4441b97cb082edb79ffd808c86fd1dfe1ef,RX-178-X0/시작형･개발
fb66fb167c98e75fab18f7cf7d301526189c2113ee68aba1ef75fc21b1b07e3c,RX-178/개발
a56a104049d18459d1acdfcb47b777a712dcb6f6ebf532cd6a5fa9cc0970e561,RX-178강화파츠/개발
e3101e9949c5819cc877d5b1a36013aac5d7bb1e23c2a1ecf96a24e8c5391a5d,RX-75/개발
68ea8660d18c03f9f98f4b76a881b298519b5dee87f55463e09e9fb7dbc87b6b,RX-75/양산화
7aedc37a36b932a2a3a7c0a43f1c16d28030bd4c8c4110c828f058be7b4abf9e,RX-77-3/장갑･강화
2861bffa99e678ba1c0e1486a6d1c6a7b63c4801a4b580920faddfb23f511075,RX-77-4/개수형･개발
9b18fa09b97e01a3252c6d99b53a00391168b171433432d2a3cf6636871eff87,RX-77/개발
43b762e372cf8695ad26ee1664873749a897555d245f601de5d28fa781760fb9,RX-77D/양산화
408d05700f629b2e35bed6d1e661eb42d65a14e378e3bf78b027a9136b5664ef,RX-78-1/시작･개발
8eed3b92a5bd649975fe7e68921fd1018d7dbe7304015670bb378c2714c7dd99,RX-78-2/고성능화
82bde3653ec471f6ee3725324de562f85071427c855d77681a405d8b7c59ad84,RX-78-3/운동성･강화
a976bbc5fb0a8e711637e84afde5b80d8e41ba5876ceba1d6aeec0ec3baca1a7,RX-78/P커스텀[CA]
22a36ec5778521398fe38f4fc9ecf9b3273769beb3caaf1535a3ca03f4666e50,RX-78/고성능화
8dc65e0c58296e4b6de78c3ffb490f6b18ae524927f7aa1537d9d20a8d481250,RX-78GP01-FB/개발
50ffdd9887a53af9c2391d7bef09828e218a84f439ee562277a8fa5ad632ab8e,RX-78GP01/개발
0ae9e0be0dbbc766be8ce19dc977d9b46165c50d6dcce64c3f03d86a9201016c,RX-78GP02/개발
2b7ca6a7c1e68f56413584ba4a1709d22a57b61365f7e740bf9b4f27f7cfc038,RX-78GP03D/개발
2279e0ea7f453dc87058893acd6614eba1a93f6a266fa79472ecf7f67848e1d1,RX-78GP03S/개발
e804535dd19573ca6f6ccca01b671834ee0b63bafa00992f1fd2c65289ec412a,RX-78GP04/개발
72605dc5d1bf88a76456d079afcd1fbdd539f3b8b70a39c2fd6be47817dc8693,RX-78NT1/NT대응
b15e2108cfa91b4fa0b0151060bce1b496e2b7a2b5b301c9dbce0f78d3ce7c26,RX-78NT1･FA/증가장갑
08bfeb2fb690041c7f6b9c649cfc330b16975adc888c4090fd2faecea9949ee4,RX-78XX/개발
a4ccdbd5464d5674ad63dd4ccb9102ac93194d925135d543f5e72010f12d5c28,RX-79BD-1/EXAM탑재
543e41aeafc6df999bb7c825b19e16a6cdb2431236dc304e655c2129589f7610,RX-79BD-2/P커스텀[NS]
7f5ac0d58ec9ec8445c8e891315a5e54aeadbdde3a393343e380b9f8c764d001,RX-79BD-2/고성능화
419160d0bbb99fef16abe1bddf04195e014ae5b04726719fcb3aae509650f14c,RX-79BD-3/우주･대응
995bdba9b151288ce6a42af2532175a534856a520f1a61edc77480ecda50bac8,RX-79[G]/개발
3e378f61b08e072a607e3a7c0def24265428c04e16adcaad40bf638ac857af50,RX-79[G]/스나이프･장비
2702192939618f5177a694c0fd8f7c42501f52efbc68a4d996f2c3a6e6b6e9b9,RX-79[G]Ez-8/개발
b1f67a7d4c4d38e1f166832fa38c9e70b9eaa1cc3718f2978883cfd5a62e50ed,RX-93-ν2/고성능화
e08ee82482b35d924f7e2879cbb26a66abcf40363d768a7f5943859320de5281,RX-93/개발
19f4ef4fa539c6df05509adb7efd1523cffb282204f0d5d5b04fe2a050172c2c,RX-93/고성능화
e7cf23109f59850023cb22f2f64568301cfcb4d913bb72affd523b030fa4474a,RX78-2데이터이식
b09d00f86a36031daef7730ea7d2503eb8e46d45d20dcc6c072d55671dfa2f11,R자자
ff7ef1116ae2a7c6b211f1116e41126847a5a0be950a1d68c1e10cf5fba82d43,R자자[F]
ff01777b6cf12c94c8f1866f3a2c34df637361bfb1dbb589cf76c410a539e271,R자자[그레미/F]
2723827aab15f1651874ff16e75735c10fe30c00c972636c1a10357671c04806,R자자[그레미]
ab309d28958cd7a3743408fb84d53e4bc431cb8b4be18f5239ddeb15adbb2db8,R디아스
950089dfa1d9545305b0409e32b104295beb032e5abbd317ba6228c7cbe73962,R디아스/QV
d8d5d05288621a16e75f53bd2757ec71d135c10a42cbd8398bdb9b55d27a31fc,R디아스改
258c7981e86a4f1f8a18fb6f0053d008fba7ceae6a73080a4185a453b402b7b4,R디아스･K
a1ee62305d50f2043506828fafdb89f0a507ca85d8437ff1ecd15484f8bb1eef,R돔/ST
7ebb171ec79ff470b8bb3ee9c2c16582a3a7d015befd3d565177e09cf17ef31f,S-G부스터
9cfdb34aaa401e9f08b2667cf1b4e3efdc87cd4034fcc1894549dcb0108e57db,S-건담
d4c004bc6e1f5c0435a7782786354ce25d06035426a4cc653fd2eaf935218ce6,S-건담[부스터장착]
24f301908fdd5b075bd8b0d6c666d879e9c3bc207a15955541f3b6033201843f,SEDJ-1R/개발
32c435a04c0ccd0f01b37eb5c47b6c1cab7d1c1b472130d2ef85197ece6c3a24,자원
7d712e73d1f467408ab0edba00be285dcc7ba361ddbc113671dce317ba855c19,수입
24b4a1be17158b2d86a7596bbbc07d513376daea2e29b5f2e89bdd2bd528ca83,자원
5129186841147abce6b98291f55c3f8615936aef9c33eaed198b5a80e460eb14,자금
11dbda7ea2203d62fb61bf42b02d0a5c0a8ce572b89df95f39d041cd713cc369,S･디아스
c9e69a880664e48bfa2745d82e9b87105bab5e7558b32ed6bf4bfee7864fc440,S･마츠나가
a1fe193f7d7b82da752c753e9bd1cb0f595435c0ff5f1c248bfc0ce3072a27bf,S건담-코어파이터/개발
462450e8c8b8bdede5771a835b53cc6740a848d3a3bf6a57fb21cbfb10366ff0,S피쉬
341be4818c2f99014fec0ae0b449fa19549a36d8f0feb705902abc556c633750,S머신건
3f4fab7c235f47eae49ce08e0b237af5c18a8c3a049f0a79d7e70462a3c992d9,S미사일런처
c27e8e4b8d4755bad676f904dec8ef9377215c31150880ea89bd74846d6c8a0c,S메가입자포
b5fcd07af6478b742e8aff1544ccae10d4086bb1cad5f2b7e7418a691f0d10ae,T-건담
d40d7c43efb186618a59048592ef1fab10fd2cf9ac9394ae8f016767b9222f57,틴코드
0fcfcea41741945cfca08ccf2649b7c9af500226555f3e7b49849252bd1e912d,TR1최종
6fbf9fcfaffa8f1a8d85fd78ecf2d2b562d19c9a8d70c13737f0e7a658ae5edf,U형잠수함
64b62c9305f58604fb8d4ef1b9f09a2b524dedf293cdf4fff258027942a6dc52,W라이더/AR
99b41fed7afe095f9c2c86d87daca3bd9c4d7cf50bb863f583264a2b362b4601,W라이더･A1
a0e8d048b98f8b685511493c5448e654d348f5ca51b505a6358e3dcd3df0c7ff,W라이더･A2
6210c5089e12db52d70cfba86bda18a3db72f8c7f9d15cab911578173b0febfe,W라이더･C1
55179725f924b4e733ba3948e6d816199a3aa977d5b958af247b96facaa91f27,W라이더･H
a04e7ea1622af87522e7f4c661b950d2275100ac800d2883b4d8fd0397382a05,W라이더･ZⅡ
f586047efc242b865323ce4b48e831ceccabd6b778f3bf94bd30f340a354f3af,X아인S･A
f8253761ca8544a35f188dcfc29d5cebaa2dcc8136795e092c764a66866f6e8f,X아인S･B
98fea8e92b9b5ffe360209f2ab5ff18420455692edc948bcda6456f5defd6b5d,X아인S･C
589f4af53540b84d95e38379e1ba0234a2940bfb1a0086718ebc8dcdb6b98790,X아인･A
41b5fd60642a3c2e29343c5ba201e16142ab2db50d4551fab889d88583d100b1,X아인･B
72a69895681a1207aef542b5df0641ae4a9a84989865c310154ff0314b09c397,X아인･C
d39a4a07fb931323245672d237113d62a738fb9b66771d8143b2f0add975f1e4,YMS-07/시작형･개발
0785d7c6e762e5aa289308cc1f2e9833d8b3055c3ada2650ee1973de107e9cac,YMS-09/시작형･개발
330ac1ccc5d4fb1a90dac7f0f7c93f6b54694ef531d1435c1730bc50c564b24a,YMS-09D/열대용･개발
83497098fbbf2740a9649ee2e816f00b1510c776dd4e755d35f86f22cb900a20,YMS-14/시작･개발
01dfe1b9c6af0513f3b127b9ae71d61ae91c4d446640a84f7f7744d0fd690a15,YMS-16M/시작･개발
3def2bce631ab802d6d53ffbc9deab140cc091e5c6687270edb0e15af8fa3faa,ZZ-코어파이터/개발
01482dcd89cfb99538ec0872e98b3392e5ff4b72254ba1e2288f815d227eb285,ZZ건담
acc8454e79b2f2651d563bb680a3a18e3378bb2dd9a545e48924b8aab1d6f2e8,Z건담
22658dc68b55fb5926c3f16a861ac7bb0e5ef647074682dc64a2dd4b0ed24410,Z건담[HM런처/WR]
347cb5d82511299e4cf13436d882416c1982d5a1ab9478337d6557d948f51db7,Z건담[WR]
a5738380747dfb8afbee24148a7fb64e2eae79b93cc189918601daa8b1c52fbd,Z건담[하이메가런처]
8cebbc003b7aa864335410c925d5db8329f90fa39a4e2c9f8c9f1b5c30e83911,Z건담･H
ad95eaa1ca74508281c25dd444a04502f983ac9f7c026337453b3907395b36c0,Z플러스/AR
db50b2defb029b19174ac1ba5fe6b409e550552d3e06ac41c03baee3ba3e96f3,Z플러스A1
e74672382f687ee506e241da0ef4918920860336af0a95079878a03d0a09ed75,Z플러스A1[A.R]
5d43177d6d46b128eb61e4a3f1e74cc1cf66942bc164093fe34c8189eba1696e,Z플러스A1[WR]
d294dbc9838042507477b0810551245e2cb4d9133f287ed4d0545c1b39ab6206,Z플러스A1[WR･A.R]
9e9241a5a94e72b9d59cbdd1ca7b645478f5ed2e5dd03ae88d927273ed97ee15,Z플러스A2
575b896ac5cfaa03977ccc537456a19eeb8c02933d171a5b970762a5c5727eef,Z플러스A2[WR]
91f6c1087e539377f638bec93cd71355a10da647bdbc2caa19612d6ad0063d3e,Z플러스C1
cb02d2edaafa4988131103f7f859764c51f72243896ac0c40524c6f5209f5faf,Z플러스C1[WR]
c556d7192c3c164c37fd2ff3a72929d99a4980ee8015bafb3a28ad7da826718d,[일반    ]
c1c31d127cb7fb6a7054e381dd44f9d8d196be0b02ed6eee0e106b613444ccac,[중사    ]
4930e7a76fe9ee0a57d5faba9fd1704251036b70e5608a08d5b444e0f6da9d13,[하사    ]
d69c1a65979b7a8a02a769723ddaa229717a665b83af56fdb8e4823b82df0338,[소위    ]
0f88973fe16e8dd6c2a8b4580e19207eeca4f8ba00434797777f45586c6bc193,[소령    ]
dbcb33cf78d2bb0d290a8e1c6caba967638261a437b0490219fb4ebc5daff147,[소장    ]
6d2f9ec35253a8f85dbba11a2598fda2aa22417dabce542455868728de897cb0,[상사    ]
07ce235fc8642cfca88d2a5f73cf5fe1e2cacf81cdb45d1acf32669a08460345,[대위    ]
1eddc60f190363e769172b0da15ac64ef3c6afe5057f054fc951567ff76b9558,[대령    ]
a5376d8d5ee96ef5b1e974ca000bb5e6088bf2ec2d76324a07b3089bb1addac7,[대장    ]
18d143e5f056eb1e3b5c9e46128db4d8d1371c66b7d6afa75cf4414203d4a613,[중위    ]
78e9234abce5681d5a891d750f73ac9fe70c9866b09127e6d717240a00ccc1df,[중령    ]
683cd8029a0643db3679481acc50cea13aee3d1a70002bc8973a5f9bd711aa51,[중장    ]
a225900c393f27083aec59986137be99839d7fc7b7302525bfdac8f416eab9df,α아질
9c15323739271977ab01de8bb7c3be4e9b5efd16633cd1c9e956cdf3c908dca7,ν건담F･A
b2580eb7f082dd596857f32554d251ef3c1762faf43043ec261ea7ec7cda6d2d,ν건담F･B
e4069ce88cb1b60e478e4b96b457d3105b77b3196c9d13604020cd44c05d0b6b,ν건담[B라이플/F]
dac0e4acfbc4542015b140b5e1cfb998e8e835e21d8d87befc0d0d33a2e7cad6,ν건담[H바주카/F]
f41b061cc4b244c3b215d751683c6375efc071396bad59164eeb8f7b27004bc3,ν건담[하이퍼바주카]
a420443fc747a205ba363ff17d4867f1fb870f0dbe0c2d51f858ab027b04f1d8,ν건담[빔라이플]
7c0af6078ec5c9ed4f37e88049062ea7a8953c901f514e878da8b6a8c5feeaa0,ν건담[판넬/BR/F]
cff5a3e493050256d6a57d7e0e730e2e93b217387f2b13ab7adcbb25510cfe58,ν건담[판넬/B라이플]
cd3073692d33b8cda872c427be4970e7117571ae0d858eed4a690da99858acf2,ν건담[판넬/HBZ/F]
0b38c5edd1b4ed13c987939d9a88c8028738287750bbf0907105503235c2acdb,ν건담[판넬/H바주카]
fde026d4f7c7dfb6dcee02018ff77011ef5c5b1b57b7857f973e5a2a8b269304,ν건담･A
e73326bd85a77ba0de33e5c6c96654853f75cf72b588bdd5edeba4dd29fee9d4,ν건담･B
2200d90312b5ed9cbe86b19b820350c0fa569f41c45e817bf50735850c911e8f,三건담
60dfe6420c9d2f4136dd7d8d28c411a0a3053bf3d3a59d4685c359d430790be4,"三건담""+f"""
a57d599831ac0e704ccc3c98deff1a88194e7c9813cc47eeed10a0fae23866ff,三건담[비행중]
c5cb9ab5799e252b3a0eac55781fa89d1948e52726fd215a8fc59e9e081a20c1,아바오아쿠
d36f8c6611f268ff7b73e6363e26b3842a6b7da57f9a88f8ac52e2c519f6b705,앗가이
4a6b28a822e17d5a0dcaec45c9bcb3b754f189b20a0c54451a9da496dd33ab95,앗그
a8ca83adc7499a4d8777ebaf32aa017ce92c12722cc9f73ce881f470d9394ae3,앗그가이
0e9489c2269558894ee0131d0c77f96d1821081a62cc7792d5af1ae93d9919ab,앗잠
5f0b6c982e43195f53b32c5f433eb3818fcb01cc5549abb2ab0504ef74d9a037,앗잠 리더
2ee596895108f13ede2a6ab24cd0bcec5c1493705b6db87275d8aa3c0dc68de9,앗시마
300aa3b023d8bdaf2e8686136e62d6de6f1466a47c1461c78efa69a9330396e2,앗시마[MA]
c5e39930fc7b2cc03ad72999d55d47d1263c99ad9f96afd9d538d4d6078bddf0,앗시마･MA
7a18da8e9751a0e09c61b6d9f38b971233d111671baf94fd8fd61c517427473f,아가마
fb2b4399a01a75ff86e400b9aba514046dd5167bd7658d074754eb795268b18a,아가마/고성능화
301e1161fe6f939d9b40070d3506841218edcd80d66cbb562f125cdbefcc5992,암 크로
524609593c74e3db6c2105f8bb7327ec161d86b7feebfce38672bb1d9bd4ef6c,암크로
7dddd4311685a4412acd53563c7e2416d465586807f3be8fe3805e85808b9e39,암펀치
e685a3fff7b160824f27954e141d6c37581fa7a3e59b5f9d30b7951a01147014,암빔
247dfadd68039e47866be45d1c75b384627e69e7564e928fc9b0d6e9ab4a972b,암빔건
fca4fb559e354211914a8792391e6ddae8da737a0861e378a251fc726e509975,암머신건
713bd2c7cad6aaf0f8f2f12610ea6d4e91551c4b4e60554c7aad732af6e7b4da,암미사일
000d166f23edaa4ca258c249ab3af6b9fb5ca4650af548687123f41c11f09918,아이작
ce0677cb908f43879b9bb308ae6bff900be7e3d176487911998e6fa0ae277d24,아이작/BT
4c303defb32cfc4559308323b74a6ea1ec73f6b22e8d5b0ee9b0785d579d92a3,아이작[F]
5b0c9b08a374d5ef217352ed6db135aa7006c0ee93753fea67ffad854c0a293f,아이작[파란부대/F]
e6be05171a9a5daf41c45ac6958a61a93da6fbd9a6f208633e3c08ce24319519,아이작[파란부대]
97ed1cfba992bdcedf41164412d9266e322e62a7a917c94bac9d81f9b93480de,아이나
2797901f169b50b7197ae450919cd5404c83e37b7eb4c1e2bd5008551c47484f,아이나･사하린
5d0e32553a634bd6f6d9348e7a3ccee6bf9d518d6aa903bfce1658984ec463d9,아카하나
960590fb4a0b2480aa4956f94284e4761b411d1ad9c943e7c6d68f07c3523bf1,아쿠아짐
b4f293d8106ff12a14dac334701dcb434783444af31d1a8f86c155d59418dfe6,액시즈
9fddc1007c2b35304ab4168857719ec4bd21fafc59b26a76c83636f8a468f3e2,액티브캐논
758d5fd4e5a702a10e319d3d2ebbd247f746bfe22e6a747da7f3589f34466570,액트･자쿠
697c23ff8895b0cd0965d5cb3271569ae6c15da7871d3a26183c1deb826ce77a,아코스
f6b0d61e21ab8ed68810560dd3ef7eacd2159563f74ef2a094970af4b4e76c48,아스
a42ef53641a3ab8e10ec4559d02c2170f10f7f9e17f697e0000caf559252a3ca,아스토나지
ba01bbc5d746a6ddaecff30811adcca5bd3a31a766a9d1722a24b1a8c8b60288,아스토나지･메돗소
c5f5aa3e18e83ffb32f675066d992eafe84571e5d70785ecca107dea363101a4,아담
a1e3357306df2fb82e686f916d565f976c69f9ceb7914854b7cc2d90a2fc46eb,아담･스팅레이
2c693b39b8b313e596d0ac191032c982abf14a3877ab9572c8b430ca1c103313,아담스키
79bea22f90309923a949f17c864a447cc1a36c6cc42aeb369c37480016bff33a,아델
56d19dec043c7ffb2b3dcd34be944eb0eb19e62bb90642019bef14ae9491bf69,아토믹바주카
a2781da765909a78a49d2f0cb78c3bea91262ccc753c65acac3b2bd987a941a8,아돌･제노
6a48809083d1b2d19db491b1f32d442d885fe72a2da2cbb3d8db7455dff6363f,아나벨･가토
704aa20242344aaab6d909a55354f5e6a3de9ce8b293c652fd9385530aaab26a,아프리카-1
3bfd12451634151e06277c77cde695a3d7eff41035db8b8a8b6ba3ecdbdf625a,아프리카-2
d75635979884494b8b294d09062b2acea165d861f669cc31a2eced614c6b0226,아프리카-3
7ff380bcbbcc3018483136fb1715ae9acdecee117eb420e6270514483ee65187,아프사라스
28a276fa8f34486365fd07100dd63c433165faf6aa2d5749dae27e39a016380e,아프사라스Ⅱ
29641c6d975722196375b5f9c2db4246b342eef77b7509dd2e0bf1bb90d8264b,아프사라스Ⅲ
78c78c8da65b8e9d4c5a6dbf5f8d17acb177b9401cc71d58622af6a66a3ddde9,아폴리
d3ad81f1794cbe4b36c244762717488273f3b8f13555ca64e72c649d34691539,아마사･포라
737c731988174fbe171de02b6ee533d34a8add986298d8494e99dabbf7393670,아무로
54da657ab8bfe47c3a3d9ecc6e63df46e2b2fa94cce7709eaab1259724a161f8,아무로･레이
6c26f2d1a6140dd3bd414712ba21f24211f81a39af585547226c2060aca0633a,아무로･레이[론도벨]
7154d50db0d7cb90641a976802357531d0766f583585d29dc33fa3ee66f80ea2,아메리카
aacda4c573708321315f646f5cde3f6679a8502536154ce51b77cf1645ca6498,알래스카
bcd954a1da292360c6e1e7053faee964ab3a7f879f39e7a68641b933de409342,아라비아
781fa4f11ee4a3dedd0eca2409f6bd8f775577bc8db53a0fb5c33334589b71e1,아리아스･모마
87fd112d1a51779ad5460798c3cd9eee51f038aa49ec00a2a0c774104c7d61e4,알비온
abb12b8b3c1e1c9d653925e186ab3ce593238a6d0c67d84f32ecebf2c42d3cf4,알파･A･베이트
6ac6270c6d0d8c4d956d0e2637b7188d51e9b5de2421dc3b6cd08df07843b2f7,알렉산드리아
3414d530f2f1c843daa709e946829423526c0945be89c26641d4f2238ecdcccb,아렌
bb7bf01d1e9c4cbe43122f09f0f5515a1ec5d056f9c77202e0c69e8ac2c75e3c,앤디
5d57c9d043e4a4546139e3dcf3ab7190f7f56eb622c23d684a06b02f203ab38f,앤디･스트라우스
94868b8d0defd9a60a63aee0f50d4c027c2f940b8f19836297d0ee3811051de4,안토니오･칼라스
32c3548b780b4e528035fe10baf9c67fa14f79afe03e75274d758b706ce4d0f4,이산･라이어
4a58acf6f8e4431fb2f03bbba78dde4b85aabbcf77e77c6c953aa52c24a78920,이노
ddac47f61efe883f2c11f4178a371ac35f34c2ce54f2ac660a93bea4cc6141c4,이노･압바브
878056134e3db0526b0655107cbf0f12d1e203a5027d748527d2575929ba9961,장미의정원
d63004c4f387729e838bd6ade10cb01455d3f41f383a0dd19485a2427323d290,이프리트
8777c4be02da2560af01f10e105c8e99d31e46e10bb8139f23c7cbc435cf3a8d,이프리트改
b3b9704de28d1a19ef87e736a35b7122cba166a9aca665d53a09727f3d74f91d,이리아
18e4969ade7b2e24b0405b4e37afdb76eda3c38f1146488787ecfd2f21e461fa,이리아･파즘
70dc6fa174c9cb655e29749441e61536ad317b7c22a61f5fda643d9670c8ec4b,인컴
20e83724c7672b1285c3215ed87796fcbd8f2a8f8a29c962dbbc7c0464e10f59,인도
5a7d98bb4aabf248a06375ad997043439cfec7a0b30e400c4051791a58e88a3d,인도차이나
42f4294623ab0467de3484517216376796692186dcabc8127e8aa1b19002850e,인도네시아
365c2a11d650207bf5762cdf87dc717ab2637839e5d843dc4cb248a23a49c0bf,인도양
19faf43371995dc603da9b41cb17dac6a595287c6c57629699efed5fd5c4a318,웨이브라이더
e69554b8c87b831078316cf365b53e8bba483aa926cb3b032fa6abb1e712b6ab,볼프강･발
d87fb992a628fdb92b17033b1aa11dbc74c5786aa895c06ee41bb04eab06296e,원･리
7d383213b088bd02c168cab94fa4dcce248a4b8d5d85deef341918d44f616397,우디
529fea9b4d97ad2f9d465ab83d95b92e10baa4852f820f66a1b4021bad5e2283,우디･말덴
cfb9d5a91a3e2613e42e4e7cefb7a96368d1f80f96718b769226e3e076ac9c9c,윈치너클
e4b7c86d5b69aa3ff54af34bf8a7951337ff58fac3ba89b644c48589cba9518f,윈치머신건
7a1e0e1957f3944dd5cf4f9b779a3e7e81f512679c86b86d373cc813335de6c3,우주
dcf7a988874c0c7d1bdf6291e6d13e6d48fb5c54f9cbc3952d6e061065bf21ab,우주-1
19dce4532244783c8dcebabc91b22ba56fd4d62624e0d5e39a1e9c1f8c457caf,우주-10
8add4f06a9be66577968a4129d5dde8b6427ba72eb21994eac6bb6c14d7a861c,우주-11
0fc7c2a323d25fc68cff4020e9c4949d66722d7974f16f57e689e753b29e968b,우주-12
0d17d94050d8388d1d6c0ad7819045b6089ee80db1aa32bf1cbefb8ee1132f12,우주-13
7fe193d1597539b654d7d5f198d4fe2690751138d3691c390f621ac42233dcf5,우주-2
408668bf57c09b370726170457a1e2f96f41d85790b1da57003c03d9dcf43935,우주-3
19369b97d6cf31e405136340b746d84b1abe51b0cd555b662a6443e16e8ac732,우주-4
e4719eac68ad36ebc9201b1ab5ef3f1c66341f8a4578fcbd0fa82c1bd2a364b9,우주-5
dc1953705162e72e338b91341a34fc84833734116c2c9c89552a9490594741f6,우주-6
c03f95ba246344e44d1c85221f3065d7e0d6289bac078f9787d3ddf6063ab363,우주-7
33ecb702ee24965f8691cf97dc22208f0e05c5eeaa09758f88a379558a375a08,우주-8
f3ce758b86cf65fdf05889ed4553afc080d56824f33d1572cf3feeb10a76bd92,우주-9
ee9bff49a4b413f3647154b57d1864e3e5a860f1f8dbf52c4a09d05f0fa61ca9,우주[운석]
b92f7a3d8577636ce420d5763fa1596a3259efec3811e00f18e76d41379e8060,우주[잔해]
4e3cb9c6965968a905a7291f021a06d2b366831461b9e77de25dcdb8da3fafeb,우주전투기/개발
372196f011033adfa34d5cbe9037481853813ac29a94042934f25c0d6facee19,우주용･고기동시험형자쿠
51a181162ccf5b86e0b1cab50392cd56df48b4ccd16e0a1bc435a0ef9cd287e1,발사가능
5a3dd5c9b3253edae55b8c53cd9a0e8fa934dd4e8059a2410d80a799f4c76df6,바다
5b7f388e2cbf9eb112f140348d114305ae3686e86f917e90b857dc7330bfcee8,발
b8b09b6e5750ac7ce5e06f03cfd4f502088fcc94051ae7b6fff8b714d68426a0,발･바로
cc685b6fb68f3fad1a156a8e8a87892171b1c85d075aa1ce4601be87b8d9b0cc,비슈
bfc1251d25f769976d445b78fe4d0ade34caf551c5be91eeaa65b33e8f0250af,비슈･도나휴
8fdfc98d4602a88a4b1ebe9aa8457d2c03ea36ddee2e7909318eae19de20c584,베르너･홀바인
83885f9e0f0977e733e0261f81d518392dedf8283994fc8395d0b7ffcbe46699,에우고
7c88b781a178770be72ddd4c960bd4f886ad049f352c15fe5e29f4a4edc07442,에이파･시냅스
b10e64ec72d3e3302e73b5b2088706e9a8e793876f163528fd5fe204a3291530,에기유･데라즈
fae0a72534a6dbbf565d15f8db5ab1dc0fc0c2bdd3e3aca10c4d28fa07bb98cc,에너지건
123b52474156dba43091a808dc34e9ff17940f0fedab02cf287c0126d1e32101,에마
d612a653379e56b41d3ba0609a27a84732c8134d1135ce8fc54cf15655202e85,에마･신
c1ec08c40b4001f6c7fb783a53c9b319f642207ddc7aecbf5508bdcdd56ee78d,에머리
a90a2aee3e3a93e8a18ec2437a825adc767822e5f949040c60b806487fb98eed,에머리･온스
c75a6fcbcbba7991ef9b2a82be63fcff23685183e5e07a004dbc40d833bdd883,엘
45139cd4c9668ad9c96d085479a3dc057c20a26cc56bbed0b73e54b8feee337a,엘･비안노
88debc6679e772c277a9abfff97155919bc14037a14cba19511dee2d33887bd3,엘피･플
cc4e1e7a2f9c3165953ede133022dce36f6302d0e146fa1c37ac04b47e5240cb,엘메스
c8f5be3706c0e7fffd9d4bbc9f5017438201a4c9fd8095e20e8d206036e3e9d4,엘란
78b8cc0c0f67418249cbf6c89a1f5473dc3e89700f2c1e1eb86a3abdaa766e89,엘레도어
2c2552dc36f6ac5e915c8fc37a3c0d2158adfbf51dd488c4f37eed719b79ccc8,엘레도어･마시스
ad6c390035fe74dcf300bf65fce68ac3fb59000e8d4e62f2c13a229840bd9130,에로･메로에
112119d670c6879b0048a3087664670fa2dab16e5106d22715a45d7d40d25469,엔드라
1e4fb539ef17b5d55c194a532a5cf195e44325f4cda92371527d21efbe85b415,옥고[바주카]
6c9ae3f53a5724c9b7c8d8c588f37b788d6eb5b0ceb1e2ca78fc18385ca68f68,옥고[머신건]
04c843cdfd9996fcd476b867edd0f263a12dbe5c8399981335d6817a2e74b4a4,옥고･A
c2ae4f0951821289ab4643689bdabafcaa0e70693b08c016409493f99b05f529,옥고･A/개발
1360a03175d7b6d0769073af45b84f6b3b6763e35aa080d1e1a7cd4c32efb6c9,옥고･B
65c03d77f7999d583e051102042d0921836836c93836f0cd5149c32e70cdb2c8,호주-1
796aee6898616eede63dc64f8506e4819416dbe9e714acaab4a5f0f377f642a9,호주-2
7341a81ba1176c69defea621a488b68f9c04d5ea1362a1adf66e659fd3b74e10,어규스트
1f91d93c10cf91f1dd5c1df501c8de87c9e65a9b3f8eb8841f818fa0c0b5463a,어규스트･기단
0932dea7b8776241a86f6078da2e28f9c8bad0eded48f96b13b4bc6b9c229741,대형 드릴
0b76007d066ab52f55ea819e1c0250a9ca6fa933084eacb31047093a4cb3812f,대형우주전함/개발
9c3fe6960ef3e3db5ee98fd927b3c40fadeae6c369122fba5cc2da0f32208585,대형공모/개발
9eb3c07c80a864aac63a8646944d5382b08dc0a051228e6275bdfad87c7a15a6,대형전함/개발
22d2e4cb9f89978aefa7d9bc07f1ee5a0d8bceedeebc5e60dbe2b95c9ff7bdcd,대형미사일
fb41550111a46cb551117e07d6c05562150efe2db21f60121a76943751eb0a8e,대형육전정/개발
a8addba8e771c62c255b7ecf3badeb6e356119c0244fdc74282df1f8a4df7f27,오데사
b80c7b65714a75b52b88f4dbe80db1592872c0744be1467cbfa337fe7c99cd1b,올리버･마이
450378c88f35738d376945cb343fa6db9ca858b471625b05d7836be823105063,올리버 마이
e76f4e1cba466cd4dde2eb8ecedc561efea6552bb8aab365da46c4c45653c09c,오르테가
cad57b9f255a834d0bb32fb4521538e2c2070a09270a588b698819c3ccc04945,커크스
565582d8e0bea6932caa0da14d6cbba20a77f3df1a0526a20717de4b7a738afb,改
14226d58cc188157bf7452eeeb6648b130c92312bd9691dec348fede705df41f,카이･시덴
7364943ba817c0e3f94e0c5a803a7d33f9bb078834b8995af7173c4389fef736,확산빔
c40d2c84f62ebefe1404368e97683a39eb318c0b04725428e01adc82d452898f,격투
510a1b84650716247617cbc533ff6471b902240c3b3027238dc3ed86474fdd89,격투실드
43e04048836e898c058b705c366158c6ea58a87f4f9fac0c58d00be5c17124ac,핵바주카
69b14a411f975d0426ba5baf6f968aab5c64aa34a4d2be8f51c80a41f84fa2e3,확란막가능
d622fe586f4191dc01fb25e97391040e3adfc1dcaaebd850aac334a373ff6ca7,카크리콘
5bba1f8f5193962d245e37cd1adadf935f759f967c832e9c9b267f3971fd8762,카크리콘･카쿨러
d349eea7eb61f774dc555e155ea348147fa0bcd6815da1a2516efe4910eac8e5,카자흐스탄
8663d98a0e17208f8d297b9ea07f4abaaa30c3dea89414b0edc6bc4bc30a9716,카스펜
71a7c6c7f320f3c41a574059105ddee34a6085f39e2d8c6976c3427288c3e061,카츠
67aeab8fd755705f97ba8a7e594118b9086e4c5ada3fd6f8e4f680ecc1ac75aa,카츠･코바야시
05549ee159d45adebf948563de88a4be7bf245c9e37424e46d7b202156364f66,캐나다-1
754d791079884d3cedda4c345cec3f3eca78ced295e30193d3f1e6d74cb03f3c,캐나다-2
3c5ce208dd8f9cba4b71e1ef2657241ab67bd4edae8e6f42d8ed4f908b7e6584,카풀
70df0d06b8b068f1d69c6dcd68e69345d55f5d9d933bd081534714b300a76260,카미유
45132869134c66682f03e4c1dc25df5c75892a5caf7b73f7bf2990c84127f443,카미유･비단
7c4d3beb6597558f4ea029e1c3bebeda7dadd44def552847cbdfb58a019c9c46,캄차카
331b16314c083524b46c5e43a84533d7605b40a3e24b851d6b90fbadab20c97c,카메라건
8b4ff6d457f926279e00d4e72600f890f89696f377781a7f54c7a277dcd65155,칼라스
9729b65bcb8d8102104e8b4fa225baeaf6c1b4475b2c883924611d3831730ea0,캘러한
f77e4daa936a17b6c415f352746a69cbee4e7e595570851531ec73e499ec984b,카리우스
84bbdc516a6043ae0444a1165b20aab30276f22c9e032c107c76911ad4460a61,카렌
84df72d2c286847d36137cd774e031dcae8cb7def2a0d45f544131a64e929c9e,카렌･조슈아
ad681abfc2150da321b75fae26cf45c4d1beecfc4b2561349c0eb6063024f666,카와
1d9f080cbc2388ea6763b9c910ab155ddc4a9ce07d15530dc5dae62784b08b14,가조움
2541cc42e0e69c05f3ee980c026c7742ddfe9adb1b3763e590b0fed441f6de54,가조움[MA]
0387d7ebd68b8a8734db9efba1ce6ad9c6f3a72f6c9e9e847b186aa9740e6709,가조움[그레미/MA]
3d3305dfa0609afe97525ef108ea3d570421b6fbb4f74ea7a8a8fb9aeefdfaf8,가조움[그레미]
8306157dd330431675370d8741b6a159ecc860e7bb6a81a4243a745027c09af4,가조움･MA
27ee6b25e9246a6a98f18ecf95ee75623c3e2665ca92af2be6972f6c4481b2ca,갓샤
8d9db825916b50e99cceaebb3d1ff4e2a408ab7269dc7bc34f8589ff50db9090,합체가능
3b857a262627cab76cedc975299e38e0d3c7ba7632f66501a8a9aef7c29bf53b,가베라･테트라
8329e4929e8fd15d8dd9356e4ee6b9e9309a538f11830d175ccfa65a3c0ad015,가베라･테트라改
5451dbe9f987f4fea9ef35d84543a0cb8a478278c19fcebc7bc10c7ef20f3b06,가베라테트라
ce5cb746173e28c45d6daee10c96a531e8e9d8206bfb7b642df980385f67becf,가베라테트라改
2511ac1a6a63c47e3a349529439d330313e07b57ff99de738315e137ba26712e,가이아
beb2b4a245b03e3eb8772efbf43a33a1a529973a090f3ae05bfd082505a2bcc5,가우
d63ef86262903c353ec9abce0e28e3179642df7a54fdbc7350992120a9feefe9,가자C
53d06ec4a8ed26b3a9c222c133cdd898304d756f461ea41592118ca6931d7620,가자C/H
16035290e9a5b33f75fe9d4159c7d4c5ca612bc82add1e05a1d1c27368cdf403,가자C[H.C/MA]
b637cd0cbb35d60de4a83c76894d52df15c1a2f4eb8a7fc6c250cc1ee6234746,가자C[H.C]
ccc4b6b8c790c87b49dc74460437b738ca92a9265ff0992a51b0665576450a8c,가자C[MA]
a0decb821053c209c6f84bd677dbb5b94d6a638f7c914067c4abf7aaaeb1e2ea,가자C[그레미/MA]
7756f5ec96e2f67d67931d2d3bbb4853e831bd39b78a5a027322107f4cf6dd92,가자C[그레미]
ca395b8c814de0423fc32d30d8d1392b75da0df60f513428fd4573e3b26fa60c,가자C･MA
244181f92f7e9c14f1b3f1d04494880bf08f8898892ab127cee8982e6cc1dccd,가자C･MA/H
0183464f6befa5a360002ff6b35c907049b036e598cb26366c888e25e44ad40b,가자D
226686d1b2f34627eb3f8f3a41c822fbca84d2af4eda468171594c23d35ad618,가자D[MA]
2c4671cc2f235c05921a04731cf81cbb6aace41911a17447e8f7f59be852f484,가자D[그레미/MA]
eb922e0e85654a04d57012cd28c849d4aef036cc411a5ddde5e2074c5da03111,가자D[그레미]
0d4494636d130c17d3ecdaad6769103767d622ba979b32540d58aea0ba8fd0d9,가자D･MA
398561300023e5113b7b24df53443f3a32c239d5ac37a43d214ddeafce25c8c2,가자E
9dced3c6afc1e79dbd59fe1b06cfa3dc19aa55c9f3a63617f63a260000390613,가자E[MA]
258726640168fe2ad5e58269e05adec552f411f4050b8021f217a4393a198afb,가자E･MA
b72cc4b769d06b521eae62ce6d80e3a7d764eeb7450a6a380b6ce797c0ee080a,가즈알
08456c690e69b554189f33df176712de365fa198f9eadf2549e76d284d74345e,가즈알[F]
68a90c9929fa88769cef357577836fb3d76496a0227792deee950ae99dc2bc88,가즈엘
e05e7aac47b6e9a19b468e7d3fa6d9a67012c2f603bc68b517c227b83070f759,가즈엘[F]
1b194e6c4732bdde0799d704eef1e1b42c84051b3cdd57c3c64e84dffae005be,가디･킨제이
a7376dc1c8abd63649d071fb200cf5794a01529da165446856ae3f3d7fb1c35e,가데브･야신
464343dc21534bd6d34d9ddbe7a400c65b0153655e376bf7cda00847cc3438f4,가뎀
8b02f9854b38f9c53036d12c88007bab5d692c72ccaad36531cd5872ba35500e,가토
b501c62f2db4d2cc4b7ec94acc0174f5d1786e9a869c6f58619d494de531d5e0,개틀링포
becbbfa16210e8206966de329861e1a09937e81c293bb91b438483e17a8db789,가틀
b446b3bab169f8bb5d2cd40db3f68c0b2ba0b4e1b99984c43be70969446ac457,가브스레이
700e24782710da176d34239b8a5c9883efd571f72d93d9ac4c8ee6af6251fb95,가브스레이[MA]
532925eb3eb82cb8dd6c77a4929b4816ecdd8a5fce8a94329e87672030067f71,가브스레이･MA
81f0dce401f6bf92165e1cea388689d92e45d1054823b03b3b8d1fc57e03916d,가브리엘･라미레스･가르시아
9f02a965470fda28770f9bd057d41d2b13d44ad6b199ba72b46013a3871fd3dc,가르시아
3f949398a72879b9e4b839b3b12ecd5a18b0155bfea8d8b3f140c592c9d288bb,갈스J
389f596d05034b6feda366860df1ca9fc669560f4f97815b8442c68d381c7a47,갈스J[F]
41d10b4b421a87ab12af602d8256c2a3010de51adc2e18f996d26abb01866f4b,갈스J[그레미/F]
25bea3751532a19dd8c5b23c513678d6e0176f4d3160d79cee1c8b3eaf0c19c7,갈스J[그레미]
a1c2fa9911aa58ebdbe48c99255e2f9c8844e67e655c423880a6128c7d67353d,가루다
b4465297f0b4ddaeaea18a385db4d4f9b482c7ec718314687592388836ae263a,가르발디α
ad1df731e336c3b1535fad7aecee928e7fbaea81afdd8efc6cc773537ed9cbcd,가르발디β
9723f308f413728c0d79eeecda7870ffdd795c7557ace00f83581c59c81e0b71,가르발디β[F]
d41b7abaec106a3823788689a61134e59570f03ea5d4a62b5cea645039817880,가르마
22c5489de7903f5fea85d67083c5d3c7a996aca178eb1b4335bd318072d6d4a8,가르마･자비
1609b8a92b0b57e13d98e0810620b5d68ff125df43321a04936c84e37b127e52,가르마･자비[신생]
53f41eba35e7afe29a882784f57e6751d13509b3154fc188e51bd057459d252a,건캐논-3
630303e2769859f9395786abf98d0310fb89f91becaaa9eca858923f0c2bf52c,건캐논-D
bd35b751d69e7276f55c86036dbb685121a6ed658a03925bbdf58e5b2c97f819,건캐논[S미사일런처]
5ee610c07dffaa621658b51fb6694c8b20ebcdca71f1df865369e81b1b63ed19,건캐논[캐논포]
0b3db8ceebb580ff29d9f3bc12bbcf1178223ea586e2a713b0219e6d681add8a,건캐논Ⅱ
fdb2674f0ed5d001fe2919cad1c38c34fe50e07fb3dfe6ed007477079bde5c41,건캐논･A
ba0e36e85179f42622cb4b7bcf30d182ecacd68fb309934d1ecd6cccf8b3200a,건캐논･B
b850e436a8851f353c239796a0374e2aee6f4c3ef286368c35dfaf5c23a989ab,건캐논･중장형
d64e40b5fdf41a4928a36684d78b99a9ad38b167e5d8a8a7e577faaab9aa3e37,건캐논･양산형
6d65e64255b3eff8b876940268b6dae7bee5446d192711f3ecfada9db6b5c522,건캐논디텍터
be568e72cbd6ad682bb09ffb4ea227a418e3829bb931510bd57d9c2831d3684e,건캐논디텍터[F]
ba266564058e4c966bea3f744b806781f402c20deca46a1d4208722db9b04b9d,건탱크
c5a6904a63554bb671aa1c7fb1e4bc2aa374f88e18b611787fd487e9ee46372e,건탱크[양]
e94ca412672c1e27cdf9cc1589f2719e69af15e2f64edfe08721f7825b87e71b,건탱크Ⅱ 
69d8f24f345ab1ccb62eb1ddeda1d3bbe770d7c2645af4c67040f95644f62ddc,건담/CA
f9b1d09719f4759ace83ef6091e8c9f4797f2a91fdb411e283577c3e6f2ef912,건담Ez-8
a1d77badbc6ac8add7e5a792172c8a1a76693b752b6d184d807a304aededd2eb,건담MA모드
e3550d5398d64146fa8b2b1b3a9e0442aafb651fcdf3a8b3ca92ed06561a8058,건담Mk-V
dd5352c6529c75d6eb210637e6f7fd43d304f54f8b762bb9e21f75e92ba3e5df,건담Mk-Ⅱ[B라이플/F]
7ebde4a04c6b58b6df98012fd732344ef104a3fdb488eb3f49b151a4da6ec871,건담Mk-Ⅱ[H바주카/F]
55d003e99286101a4f9efd03c3e024aa56ae251456f0ae95198d980bb51d58b2,건담Mk-Ⅱ[하이퍼바주카]
87176065102fe54c9b548ccd89e4f87c18910b054f141b5f2f2274f090357a5f,건담Mk-Ⅱ[빔라이플]
277d29196a8317cde37f3ca0b01a4ad422295af716950909560b07460e3a24fc,건담Mk-Ⅲ
2e5a5aa942e78590c2a757b911a2b0314f4f49bb04f84eb5d5a149476ccdb097,건담Mk-Ⅲ[F]
03d5b18b9d418d04d6fa897a812c3313ef6f6474344b60430bc2b64fe9c80af6,건담Mk-ｖ
223543ea57d4d52c8e2485914c218e5570133abbaeb9452c3803e2ba88043e46,건담Mk-ｖ[F]
d3f069e3294e37a3ab0de9e02bc69f00780fd71068a8937116ab6f66d059617f,건담Mk-ｖ[오거스타/F]
1552839c9d95797313cfcb8b4bf54ce2b4c09832af9c275adaa1029d38f2af94,건담Mk-ｖ[오거스타]
2e455a2ec54911910c7c9559b6d65fd3c145a5534914b2a3a970572c30323464,건담NT1･FA
0efa62b0b69a4abfc1feab617cfdf58c351c9db61baa8066a8ce7c37e79b321e,건담NT1･알렉스
7176e0a7251583900636f09854eea9dcd73e1a25b4e787a35f2d522b3b74cd90,건담TR-1[강습]
8328f7570e54ddfa5cbaf6dcd3bfd99945cb8cfeb3551356f423a86dd3bb531b,건담TR-1[경장]
fe8d00cefb44c035cc12ff9dd182d3283aeee6a12de616fce2d9ade184049373,건담TR-1[최종]
d8fc98428b6a0f3f3e11e5d804c8b25c37ccebc2480b8ee02abb8c3d7a07be71,건담TR-1[장갑강화]
8669d0f1d6d868def8c65f469a15542c7a9055eead00b99c78cf74c399e9307d,건담[C.A]
bd9380225790c91689f2f5c493c944bc6569059d3ac5348cdf9258b94151eed5,건담[티탄즈･사양]
6e7ca2ce3e547a9f5f865aa4c1e628d4c1d39f59a3cfedf3e96e9def9e0fc072,건담[하이퍼바주카]
282e28705de5f3b7fd852cfd9c9ed5db57deffe5918f9f7115424ddc7935973d,건담[빔라이플]
8218de9ed36aa45d4a3dcc6b0d9629f40d78cbd224d1dd646dc9c59bf2de4105,건담[풀]
3910b900cd1dd4b7808cce71eabd5f56fdc74d5e34fbdcc180e4cbddffb88c3a,건담[풀장비]
d736047e62692ed76ebca6885584ceb05e1d6b0e75085e9262812fbea6a1e487,건담･A
6574c3568c3fe3883b68c4fb6196775e3808d1f6169880f793a81077e2fd812a,건담･B
ac0fdb56a44cc5a34a0867482895c345a5fd4dcd325d08fda0d804b40ef2245d,건담･MA
3e7eb7bc4b6916effdf89815e53c513de6da4707dd5f9f62133c5967ac137a8f,건담･픽시
f8f49e3179b9efc9462121a1189e3a1289fe839e01684194288f7cceae57c346,건담픽시
76c55c2503b46b6e85c12c0f3b41aafb794bc6def808e88f50c479aad1c19106,건런처
4187babeab066e6b8c80af7cc73d2fdc7ae19e4cfd85c98a06ee09784bcea411,캐스발
454fa77b090e4900da3df4a47ac86b9462b761a89328d88d205fcc4895b232b4,캐스발･다이쿤
1aa5fed0434bcc005def62d0c081eccd25e2c5e1b67a40c0163b583ff4dee778,캐라
3b1e4837e386b8983a6a8af6c27f34688a287e9183efac1823750878d4d34fc0,캐라･슨
fddb5d8a240f30f0360c1207a6dd54d98811cc357c73178a32c1c44004ae9dcc,캐라･슨[강화]
788e6eb5352d2a8143ff668348367c4fbc0e04774ccf984506301cef7f0c8a45,캘리포니아
5c781de46b1e74043e318340c2fd758d219e753e6bb9831db1e610e762c0138f,큐베레이
c6646985f4e30725e9256061e7a6477252e6e07eb2502c38c1d48ff00cab1968,큐베레이/EP
c2d7bfbc9f074b6f534ec378646e48c7320da20f7b0fb99b3b1df8cceffb9fae,큐베레이/PⅡ
8661f69941275924810f45b2147dc5f96f834c5c94ee108906cc3c3a497c6e5d,큐베레이Mk-Ⅱ[E.P/F]
92ae1ee48b5c55b9909450e3e5061d644b8485a68d7c3facd383c9ec806d7957,큐베레이MkⅡ[E.P]
57717af39734d68488ffdd576a75a7a6c995a672cfa972b557803ec2fd8d0003,큐베레이Mk-Ⅱ[PⅡ/F]
0a585580a72b70cedca5e255a53ccb6f2a24ef93b514748990a11572a7be3f7c,큐베레이Mk-Ⅱ[PⅡ]
fd3ecf5feb0954ae82f2088073aee8c0ff9ff3974dac8d5bc44b7a22538f373d,큐베레이[F]
b1cd794aee6fadea1bacfbde7d8b215d33cf2e755d1b273649a9237083042022,큐베레이[양]
0118d94cebbbf71865dcae72162aab8079aaf4c5a816dd9f9ed8e86a3e8cd9be,거대유송함/개발
a34f701132976c280e4f86f9a00b0134bcd9c2cea758b1716e420dd70c55784a,거대유송기/개발
23e24064f7e8fb2b23b946bac89655abcf6c755dd1b57f3a1b4f9409457295c2,키스
0438f140281069720c1dc7c34fa926916f9c8fb329fcfba60feab76a3584ff61,기관포
517d73857d777ace25a7d89f41e1534241e0b701aa3ff862abf37e801f8dfe83,키시리아
132de00cc8f7c607abc27cbb8cd2d5c6fe534ca20bd06b8d0930eb8ff4547de4,키시리아･자비
c7c28e94e46a5c15dad6398ca99dcf1ef2c37a4c92bd7c6495b1739da25814ad,키시리아･자비[정통]
03c32c060b7a96c6b6e413176fc7867f9db77d4a50a69f03bad3e89c8c0afc85,기총
2910a9b9a6d11fc5f87cb9c114cad963ad2409493ead1afa872b8e126d8dc425,기지
1cbc731230db0a6acdb7cba1d26bbbc5c39efda686e59c7730ff142641dad06a,기동순양함/개발
59e42bf48b816296e766dbdda3bbfa07cb447f4b7a26c1872b4bc15a6c4379ff,키리만자로
10cde70f8bc1b62c25916dabbd4ff85dd2150f63dcbab4812b1024bdca941e85,킬링
b01b357fb3a7667ea82c60fc4132300a38b3d3e04e8f8fbe42d0316460176983,근신중
3ccbc2172499355331477278817e8298d7167c5a1aa3e2481bda0c9ed581aefe,갸프랑
c02798ca7a031119ca84c3e4965f2bfab490bb78180c89464e4589fbacfd5893,갸프랑[MA]
19e62f484cc673cd96fbfdead71f020b799cd141c650f92a8b31fc89ac458206,갸프랑･MA
398bc64e25bb110451d2859c55f587762304f7375235934534c601f2589e12bc,갤럽
ec997e71b819b6e380cac63c87037bcf9e09250d3326af056297be77ae800ec4,걍/AG
8c01fe3831ab9ce5aec00c6d15513750a1cf6b7f10fab91f91ca54757c264703,걍/CA
d985f4a4ee2add73df17e8642f2aba20135c102b8eb1855824c54cc695698aa9,걍/RR
2c75a82fdcef96d9392772f6dd0f80c40cd2dba86887f54017c498676da711a9,걍A형
9a1cf6234de8893ead39e65a76375b7334777c62f4620eef00ca999e71cecb40,걍B형
ebca0830676879d50a28c82c22e762d8d21bdac63f46584e698ed280e7a4ce15,걍B형/3S
93196c90d26a384aa164451d2f67382713ccd7aab2a8f1c8970df49128ab171d,걍B형/JR
bb28b5ba7cfa62271bdc2ae02ebddda376708f1dba269d1c2ba6e23e33305589,걍B형/SM
8c64dec0299fda30ed1998bed6ee8bf9bc590234bb6a5916f6898ddc3a34e654,걍KG[크리거]
d54bb29b8356479d03282a5ae0eeb188e4de631649caafd7e8dbb3c4b78521a4,걍M
e963a842a726b736a9da1b39c34ea8aa3feaac1be2ad7ff9239609f6fb8c6e5b,걍M/CG
b8e29168b38019659c0d568cbbab15dc89e0260092ff24ed1c8814aa02d9904a,걍M･S
466effdf52814556892d19d56703f692ec4d458a0a792a15595a2bc804f41946,걍[A.G]
2f56709403db69ebcd362919683d39e070ee237880c031917a46c6f55688e507,걍[C.A]
97923d503845aebfaa248ae3d0b8caf90b3635a063762d3f8296995325b1f592,걍[R.R]
6a68fc04d2f88d3918e847375be07330f0eb450a1f37b4ddffabb92e38009442,걍[시작형]
8d9859e08a73c56a1cb6badfe99d411ceb895b46106842ca395db091f8b30439,걍･M[마리네]
a05af13eafc9e6a76a08324935ba0f7b4ed79c4d90d9ed0dc2d7eff697274597,걍･M･S형
3c362b7c968cc4c07b6c2ba48d5109d16f322022aed0945187a59ab18a8b38cf,걍･M･S형[C.G]
997d61c9bf7971c776283199eae95fe5a0663c882f7103eaa55c6edad64a89d7,걍･P타입
8247fbde72977392140cffec46e482843e3351307a0a32cb4b2259ce1580c088,걍･고기동형
4681779e523fec5f670002526596033f88aaa2c91acee7ff4bf44bcb5805aaec,걍･고기동형[3S]
d24ba938551a6961e6285e3ac3c3e967a17bb7801ab3126e682e0c37854f0207,걍･고기동형[J.R]
87477054ae85eb37a4f37f73a49d5096c5bf00f8a6feb327021b63f930af50a2,걍･고기동형[S.M]
0037cd4879fb22256e99262e26a1f25f99d1c32cb5ac7469bb9a7236846dbeda,걍･양산형
c26aedb7cf6d4c3387b39e0dc8ad15abb3351bcda664e75fd12ab8bc95ab3fa4,걍캐논
46a489f7ccffa9cef89687e504d9caeb38cb8af8c4bb9a73427e560e56bfa610,걍크리거
dc7cd7f9bd5b4be9b6f09bd89b1b7417cb10f7360f1947c9232647b193e8f978,규네이
5371b5489a4cc1c8ed6c8ecf48abda8c04711b26fd47baf0ace7b7fbc9463706,규네이･거스
b4cd4c19133fdd9e4ac8e9cf00c63e667523cd19f35d9d4858391a1aad29180f,어뢰
6476888581b2a3f782601ed5179052270b7800fa3bc20cf3da3b34204033ca0f,기간
9aecae5f53844b00aed25027b9dca9dfc0508ba05b3c3b3dd919e629a7f55b02,기기･안달루시아
ebd150eb99eb6866ffd1a720aa921246a0233a5f50bed5159469707c02ff328e,기니아스
b0bb9e3da45c627786b146462b6422a4f527c1336ac19e67e31b649592e395e4,기니어스･사하린
e2c235a89f192bd74e16b42f1a34fc8cb546473d7c3322dca59f0292088c3376,기라도가
0a4e05260d80ee7aa4ea8348c4036bf4295af73f7709fab132ccf7d64a26b90e,기라도가[F]
459fb29689018f9d779db9e93a420d1b6271d033f968d7a13f87789788066f4a,기라도가･S
b095a303feaa424015b8b3629ee082e97e21b26d2441418a1410a888afc727ec,기라도가･S형
51b5e007b5bd88e0ca0f5b773c1bf3c635dd27ead04d0b87c27d413e0007e93e,기라도가･S형[F]
c4dd257e6851156812f4e1e9e47ed5d248d1a5e6540a636f97120cdbc670209e,기라도가･S형[R.S/F]
c648abc849d98991bf9548d942e8d9d01117420e43451feb6a860d36d5b1a234,기라도가･S형[R.S]
fd2375f3f986e365d13e6976436eb6510157919d4069e621617ac58addbd387a,기렌
df38ca3ce7d360e619cf8ceb2924c75409554266979120400fb4bd0fd274e50d,기렌･자비
bcfa948beb7fc47b4a8239c31d1e0ba997d41049ddac9c6d1bb36f7bbeb5d122,퀸만사
34645a48b6d1e68b2f1f04921e836f8394e596ef0063089679afcd559795fcf0,퀸만사[헤드파츠]
faafc7438ea9e05d93eebffce0637e50c077679ff55f8c13e478fc73e1c0691b,퀘스
76341ffebeb64baa1f3fdc5a3f0f3e7cd3bce91176884de69ed6488ea16e8459,퀘스･파라야
a70a269e4d08dffd348663e70eda8b3e5ac34e739c960a8c688c0535a378b675,쿠벨메
a797f27291657bbbdbc17c75e528878d86ee670ed5999266b99143da7f93496f,공중
7b30bdb4332a21c6a7ffaa2df015666caaa86b373983641e77a3b94675498d1a,쿠쿠루스･도안
851a883c5bfe965a1675c6f629430b3e663925ffea2b2edeae266c549d9fd52a,쿠스코･알
737f7c7b1b1f1bf76b9dec55799966af98ede670e720755341373e69c8f221d8,크래커
461f6c051d5ff379d1bf31cdf8788148fe542f428522540d1385714757d31a8b,크라우레･하몬
db1e6ad54fb4774200178440bad13343c50cbf6afa3497e0e25ab36567604eb1,클램프
625219c7ecefde43bd6f5a8827ca2a03df03c7a3b5f3a8510ab70fcf6b044059,크리스
40314fdc94bcc60fe3c17938c02862c608f9203ecf889b1c6bac957342b53346,크리스티나･맥켄지
40c7964da0191cc20d41a2639c5d7eee653203faafa83b08c8b59c710048f1a1,쿠르트
112c7d51afc25baa0141b82856225fb080fa0acb623949a316d897a5aa4ab127,크레이바주카
32e623e347def93fe58bcd1cbfa8faf0abc5a26fc270548243bf4a015fa7d966,크로
f4a1128d84de6d6a7bdb21ba2efd9889b25dcf0678fd2db59db892cd5348ba16,크로암
168607a4529f865ce296e8669bb617c7ba14e7c88902845a6c9b773a23036978,크로실드
9dd76a45b855a65f49032ba2a641027ea5b044355719e8cb10c792376003fc8c,크로바이스 빔
a042e450a9be0d5e10c88bde90e522f9e6face710c439178e5bd50c80e7234f3,콰트로
bdd0a33fc90f8977005781e6d53cde9d50c715fb4141355e405eb4fdbb175b3a,크와트로･바지나
206de1845616758884cfb7e932f4453972dc98af36b4c66ce084c0b19aace27c,구스타프･칼
bf80585d991cbb7c64a42095ee1985bd287efae320aeee91650f98f7bf28328f,구스타프･칼[F]
cd5e55956fbca7067b8e1c16cc6ac18de654db8271fb73f884f1af8a351612f1,구프/MQ
22cbf9d76f7c7ff63c19b9397fbf07f94a272e91388339c4d52ef8e21153d0dc,구프A형
7b81c9bab82b997eca14f5af64e2581842433ff31e5d8a8bf71f5f0f06d270b5,구프B형･A
e8531eb1c8de68e14ff2688e97bea9813a1cb100e7b411cdd74af737404f80a2,구프B형･B
5e1cc455ce757d74c71207ae9d1946b11b706bfdd3b362417778117cd8e2a36f,구프C형
00ac21646e43f0100dc07e19daa89613f6d9dd973ca2b33ddc344c84cf5101fe,구프H형
aa1e59061fdc9c9f31648b2bd2ba862a41f25ed64302de5c41676a0a69d583f9,"구프H형""+f"""
61a949deccb0f4a6a1f60731f172b4d2b7549871a4afae302fc978b8e2a7ec4b,구프[M.Q/F]
2f9616ed9139dc09459debd6e0c1cbde68bda35c8ffbf5f60ad0d1213381b161,구프[M.Q]
72244c80dfe2d280d6251c46e26a8f83c188045760a624cf957bdf2d5b71b5b4,구프[표준･장비/F]
ccc2275a163750a1d3acec0c98493473ebb5c538be1d1f2941d7a799c721d3bc,구프[표준･장비]
fd922b66ee0ccad40819ad50c10feb266b54ceae21783aeb89a4f555ad504146,구프[히트소드･장비/F]
e9fb73c52dd4b29c93dfa520c91655c12917c12f823e10e59adff69ac9ee6de6,구프[히트소드･장비]
fc6f14bdaee678ff9322abc7cb7d8d63d978505eb3772b01085aacbbbb2b0968,구프･개수형
96cc724775b22009b117f5a9709deb5f206da33e4319b77d064ebf7de675def9,구프･커스텀
8c68f9954b501b0495827812fc81958355febfd1be837babd5ce304dca7942fe,구프･중장형
e2e8f037d52e43c7ade771897ac054a42a52c752579f7840a9c710839722cf61,구프･선행양산형
6b81aa5692ecd7e29e0b075a8fa628582c3ce1cc55e9697c741a20d48649ef24,구프･비행형
6946490685d90b6cb4473e23962cb79b01b08c60d8c56ff20530eda37f30d7a4,구프･비행형[비행중]
ac7139456025daa63b8e92af19f1f3d1efd8f0eb1c55cbfd4c1c509355f09611,글라돌
a22df9afb72a59d6580bf310c048179e848dfb9e1916d170b3e953307c223613,그라나다
2230dd5dac149fcd94ab276bc8e9e7db159456af693f5448da4cef6c4c72a2e7,그라브로
52475825185ecbd610eae364ef177c9266fa674034aced286fb0ec0f18cd3673,그린･와이어트
f75e8f7e6ce4935461f36befa3a8228f7a910ada36c9ccd5de3c8a086fae0f96,그린란드
bf9cf8fc0fd19ad8e7a5ec73b3ede9ae49fbcc7404e77c4695b9bc18ab685ae0,그리프스2
a6888b690a8e089e48e0df32ca4284702269ebf8e9eededf6c037b64ae75fc31,그리프스Ⅱ
fd801aa55a4e3b9b9870ee52b1196ec6bfbc0b2aef84ead915de832110b5bfd3,그레이팬텀
b9c7f2204a8a7dcae1a17c37b5b182207a56eea4527816f27d280788c07d58a0,그레네이드
60050d02028956127eaaf554ce173ee06365810599fc6de891964e746dab53db,그레네이드런처
a7b5e97894ae0ccdde1b4d4d9ee0c2e6a24aacaac7f31dd625e490c73a75be98,그레미
f134850829bddd458f65f19dfca44c66377fb0e8ed7d9889f4bfa4e4c1d0f9b8,그레미･토토
3f45b4eb7cb901b72aede223aac0a0742b5de7b3a110d986afb9425be769fea0,그레미･토토[노말슈트]
7f08b24add3359020dba3ffb8be1e549df804d50a9dadf8225692287f1b72d51,그레미군
527ca2e5061d336cf064d5c7429f007d86d2dab793c8a67248dfae082b810a5a,그와진
59e24a78dd312a64cf1ecff15f608d19f50a3ec63ec27f0d795191e1361bd713,그와진/개수형･개발
3893307a51f83d7a45a1b57ce36c8c3f6161a66f525e9e2efca647e253bc07e9,그와진/고성능화
14ca72b823127b6895ba7983d1faad92af1a7454162f74fa5e8b23c556706551,그와단
13be4ac1e8e222179356fc89d7ebf01d3237f849de6d1d27e139cb876040349f,그완잔
6dce804f1ee40d6ec9b210ddf354d8d469562419220dc8c7a8b5b28bf3ef67f6,케라
f92f0a0682697ef268edf6106433cdbc2ae90896c0d56c7482efd8a243f03081,케라･수
45c9bb7e462f9fe44ab3227bd67147be187f33305d9583b9e3d92b3dde085f39,경순양함/개발
f6420ec4f286f5b402d58eda97f866064df30ae05b0215ae470d9509d5888ecc,케네스･슬렉
22d17f7bdc1f4d60f7fa7cc1b94a239a32630071c1b0f9c0e03f5a23881a4c31,켈리
af79a8092e7dfe4b1ac1efad7aac66eeff04ea6d79005083c17a9e43b628e141,케리･레즈너
3690196f641097626326790b767c5acd01c513dd12e757be5ab41fae86ce221c,켄
142ca0c4d2b2050f7c03301a71e9e586ab8827c779791b05a3bc741e4de3ea65,켄･비더슈타트
69fdf36d30b26795ad4377156573ca02b959f99a168fe7d9702a0baf41f1a66a,캠퍼
c25874b446fa86522da18ac713c7f4253013d45e7509eddb4803c6ffdf468340,게이츠･캐파
50c0e021b182499bc4892b5e435a6ce78a45e58904df2be9efedc2c1a5401005,게마르크
03d1c1dc4c92188d8298006a627a483fee0ac2f63a27c9b7597bd94cb5169230,게일리
34d0187d0af2ba63de6ddab49223baef9891b4e3660838a841ee79ac14478989,겔구그/AG
37db05ba56c27e6bf7a3478a81b343273d7125e57bbcbcf0a8c85c1194c03003,겔구그/BT
4aa9c8d0fb30b3132eb45adec6c2a18db18430abcd472c67f2ad1d11a2aaaf84,겔구그/CA
f814b0ea159a82e280c3b25b6a7643824755758415436ab911cec92ae73bcae0,겔구그/RR
838c50d19b98a525518229484de45037e7fad4674e9348867733fbf9789536a7,겔구그/ST
ef08a84a6a87f16bbb58107118391b36fab7de35a64c9679907c182c6ccfc970,겔구그A형
2ad76a8624672bba30d190b3877d9d86bb1e7e154ebfd268bf24ccb5f9d110b8,겔구그B/3S
0a71511e06073dde7792e6d45918891a67c42a55af4b735ead8e26cccf898bbb,겔구그B/JR
84ce37fb5cf3ecb9bd80404356bd850c8d62b235aa9dcbaf4aaec5f20e20dadc,겔구그B/SM
a8eb71ec84d434963732a3a435b2c335c8d661565b123a26d81c088fa8de5e53,겔구그B형
0a4754baa722daec457b206cc81d7de1f58623847d7b8869f995faa614e05f63,겔구그J
12780eeec2543b3e2c6f198218b655bec07ae18c4a1b43d4bb504d19b89b90d0,겔구그J[예거]
ab2682d4e8c342ba9e5aa25062fc88f6d9f05e6c3e1fb931d6fb73092ce49abd,겔구그M
b6906930d84b4390094ba0a06c140f90c92cbefb5f92928eb0c8571df969ac7f,겔구그M-FS
b8169b91883018c635ea865f502e9c387712b08211603bd922c04ba5c150c876,겔구그M/CG
168ec781f3eb8eb012abb3209101edfbbf46d8333e2a4da26aa72a285585e3b9,겔구그S형
ec54df24fdabaa309a78c2da845023ca62ba77af60ec6607ad662effbf10eb4d,겔구그[A.G]
ba3117a5c1f7bb2fd976e5b2e330ef8276b5c15ce0f4388210640577db1ba452,겔구그[C.A]
f7191a9930811e4a24b8506f86163eaf268bb56ca03e54bfe193f54294d4a977,겔구그[R.R]
e0dcefeaa7dc09a2f6b69dea606d962c3fe2124c18e188f01e4d4f05c119536a,겔구그[파란부대]
145a3ff62eb21d53d730dc2013ecc9a528dfa11f8ec53917ffbcdf6cf9f65d8b,겔구그[파란부대･F]
3b82b1ebfcae323a93b6b859cfb72186dd9055a2a9963a8ddc2044832a767f34,겔구그[슈토차]
6c36d7ba209a5faff14e0fa07050663a3099930dec02d172b8b14779247bd413,겔구그[초기생산형]
ba2b0e98dac1f017dc787388ba495d1a983b8f9c64af0cd5762d4150b09f322d,겔구그･M[마리네]
9f177fbc937e2e6657918046812881fce724d385663ac246ee694afeceb1173a,겔구그･M･S형
91cc910df5f47ec607fc06fd4805d28a8b6960ac51f4942076834317a0de9482,겔구그･M･S형[C.G]
40b3a798bdcfe6bedc670c6762ba63541e9f1aec4c0a0fc52606816ebb90e16b,겔구그･고기동형
28907d8c104d20f9f85ac92489ed3ca9903ae056513fd1faee8e3bf82fe1f1e2,겔구그･고기동형[3S]
ed6babd450ad0bb39a8bc651a8e2b0524b208d2945308bf117d5bf67583efabd,겔구그･고기동형[J.R]
2b2952df3ec2c54bb2e1258897f6e9150c17f14b5936edf15eaf51c474b77bf0,겔구그･고기동형[S.M]
33ee2ab1c3f2d7fd9dbdd67d90b6730312dd7a302e486da8d0e491594e533755,겔구그･양산형
f65beb87ab561bd60b1697a3c92f0dd0dd1921f087d0023588c6ba17d6a35f5a,겔구그캐논
0f94d4bfca92b5cc81a0ad2d6650407355acdbfacd962585db475d9550d3cefd,코셀
b06c1f64ecb3f4a57c73650554729f068dd98968b8f3587ea21f8710b219eace,코웬
113491137700e56a51b4f3bf6ff5bb32ca9a60d133135b78d23f754ab5f670de,코어톱
007f05c846453fc93e5bc76ea197ccba168b5e82fee575f1f8f0f87277776d2b,코어파이터
61bd98638b9389ca73d0b63bdad771c935cc87f61c7a181751b00a7ff258b5f5,코어파이터/부스터･개발
c6f9bf44242e0d73e687436ac22b94b550c6c82d19582be7a25dbd7330f6554b,코어파이터[ZZ건담]
b3d0f869d1b0c5941d22922b748b655f1c870e9b1fb959a72d181e2ceeefd51d,코어파이터Ⅱ
d367975c68d86ed476ee6253277d4522698445d9eefbcdc7e1f92e53563e99c2,코어파이터Ⅱ[우주･사양]
5bc645b5ed0ef3e257f79460bd42f679edefa5d9eb49ee4135815c73257c7068,코어부스터
e2a44c33a74a50fff57b78449f6f69ffda4ec4bcd0f1618140bad3860c5baf56,코어부스터/개수형･개발
047353ec7f0ae098efc0c056b1325b6b339c739aa74bc7059a42f46ac964a71f,코어블록시스템/개발
6d4705ca79e26bcbe1b2866ddea21248c6114fb8eb210db66414dd9fe15b8408,코어베이스
ae16ab120cc50c3deced13928bc17cb60d4c3edf6799018cde92a26fe8691e39,코우
196a574e0e97c63641e85a44014d6cb28c3d024280edd382db643521aca7a54e,코우･우라키
97f36a65f61aac443301db3fcee5ad3cfd5a9ea23e1afe8e6ad975f5142bfe81,공역산포가능
1a408ccfc6cf52a37d9836741689d77c4afb88adae591daae0b91459f139a374,고기동TR1
a591c5e7c5cd893166cc472c6162bc98db62713fab23750105f936e1ed2ef25a,고기동형자쿠R-2[J.R]
c63e006cc56564b9fe6fe0c34432c61682ab6dd2236dabab8adce2e388efb595,고기동형자쿠R-2[바주카]
6eb9181747e8008494ca072c1f098632816123003f76563058144f76104ae46a,고기동형자쿠R-2[머신건]
b98c82538edcfd4e7986fe61603e771c701c15c0093ab143d66b55fc913e3fae,고기동형자쿠R1A[3S]
83e0271af950fad6d044dc38236126d614c279806e49941c7e5e3aeb4a9409ef,고기동형자쿠R1A[바주카]
0268768af344d1696fca940f7b6e34d14981eca2861c52c7861b423cbbd7028e,고기동형자쿠R1A[머신건]
11cec2878bde15ecdaaf71ae99fd7bd64406e754f324d3dfcb38201038da4e4d,고기동형자쿠[S.M]
32d4e88a3b866ff40720ed3ab6e21aa3d7cd74e8bea75ab5ec389d41357fffb6,고기동형자쿠[바주카]
49789d6258b88fa175cc3a668ac94041e02505a18d6a1f3b597ddb10aae62785,고기동형자쿠[머신건]
135df8e182a62df5ab62bb3153c32bcfdd3a06a70dc8bd3eeea1f2620d6869c7,고기동짐改
10dd27ffe105029b93fc759fc7497283c47944b6ddc22ed122376d0e5cec3b65,공격공모/개발
860f96e2419223e62acc1fbb9b84764dcc9ac9739274343a304d32299409f172,고성능전함/개발
bad10b99b24d51dfc3a7cb3d05006f2b3dc36a913478b79f4f56de9c67929c4c,고속연락기/개발
eb5c1b328b9b373699f6730424454c7574da9c4564bf3f77c78390cc8a350fcb,황야
2fb11c6336f19e3a334f8753293d1f149b5da138fdec31792a94ec1cbd930ecb,소형전투기/개발
6c68f124fd1e302ca9cb9e8dd0ef0d9c8bad66c41adc7988ae0a1d2522d4c86e,코지마
3c950a31a1cb680ff351d0d3235a177997c44117dd757dc35fb4e1b1081e7eb5,코즌
3e5a6c37e63dc9ed3237ad29c11282f3c69973789398b9e88a7a80c7d2549676,코즌･그라함
eaf6b500b8217e15f61539800207c342daba5e4373b62117b01737ae4c45b870,코무사이
02893963592793ff74652f7d2289555a103af81d01484164f2c2447b04830d99,코무사이S
e85d0f673aeea3d24c9d040d698c000fb37432f8dd9ee5aef097bbed0ec8cb39,코무사이[무사이･최종형]
c1b6159b408ba8b80055a447c8923b5a9d59760fb8da34b7c3d8ec9632481c3e,코무사이[무사이･초기형타입]
dae4d777ce5da5cf12a7eb6bbc555e72e91ace365eb5180bd5a135648a897afe,코무사이Ⅱ
900f8dd8af7c79a31b7e7db672587620a350863a3204f65a913ad7c8aa3b7136,코무사이Ⅱ[무사이･후기형타입]
b7ff208cbb5a2b72fcf3b0103e8d7a323764ef4499149c293e67c7017250e559,콜리니
5de8c9c4bbd40f1c32bf6b433e35dc7f941622c630094be55805944f4c556659,콜벳･B
bfd580357f821612c5e71d320ae1689d32d71c0976b032ebda8b66ebc927c694,콜벳부스터
1098093a13b335f1e33a68b98651cda2be85e811adc5e009f31cfdf422a268f9,콜롬버스
059f32891dcd1b74d32a8fbe3a3c91a04dceff7a4761f89f12ea3e4d8e76d4d4,콜롬버스/개수형･개발
c1ffb607358f29ce6d8e8e403ceea50858782a8e572879302cb05208893b5f73,콜롬버스改
46f31b1654681f9b6dd45da0343411498e4fb80a855a91c3c26f8336a7376582,콘스콘
a4944b71310ff42fcc0f16bf9da4748a95be10672fa35afc93a373b2b7313003,곡그
22912dbb38dc9cd8a480dd1492eb13e13abd37eae43bb4dd4592230c2ea75128,고튼
bd86498e6f5d7d4d9876220e4948a54c2ac754fe91e3a5cf9f355c2e96881ea5,고튼･고
f45b62be9486e74e44807986167f76edd16aeff1cb44f204fa0e4ed4f4d1b4c6,고프
a2261774cbd9f20c28a9e6730abc5da03072b4b16a7f0bdec9732a4d8c890dcf,사이코GⅡ･MA
911970c62ea2715cc842196a1706367ac3b11fdab2393174b15abf119542dca1,사이코G･MA
ad3a135421a23bf417875b7526006ef87e4b1460b5ae844562b63d8c4e894f82,사이코건담
4c281c6473de87db1614460d13d3b3754df44159e58ce60bf40253145508a530,사이코건담Mk-Ⅱ
a06bfb1b92c70878a5b1667e471c2c703b75aaa31efd3e326e27ddd7c83a345f,사이코건담Mk-Ⅱ[MA]
4511bb083a7ef64907ee629c71a741dafb5889a97c87db8304865786f4a24d95,사이코건담[MA]
8583836442d60551d3a438417aee14a6d133d35fc760a4dba9e7691383d9a669,사이코건담Ⅱ
24b5404b0913853504cbe08181ab000ca78081f5cf3f57fb794fae3256270cf6,사이코뮤-고기동･자쿠
497ede441c4ea1b91f03bac2717204a41c3aaa76a66644a64c689ae86cc45210,사이코뮤-시험용･자쿠
9dfca64fc9f9a4d9de5c040247aff3699f26057744624dc954a766159e7e349a,사이코뮤･탑재
9110abd862a854ad4dc1fbd99a7d1ecf8fceb65e20c57dec9eed4517752a93d8,사이드1
30c80ae470c3211ac71ea192c759eb206d18400c3c741429839406405d9e64d2,사이드2
a6956e4d6946886acf9556c2a1770de4ec2d8806b7e85f63cfa56c897c6db63c,사이드3
de0cb0aa20f2401e64ead28a1deaff8e9de2cf42791ab49717d4614d64212d76,사이드4
d49d0c614d7bd5cfe0fae7efb05036e51b63cec9d838fb36e4890c0ad533360e,사이드5
6864805f0be78e83122388df51305d19e62a756f46efff90c25af3ac082e34e1,사이드6
7f1e97a757807c2627601115b89bee2ebbc37182f3d681e6262a4a123559ceba,사이드7
f756a8167f05ddc225dacc699bce7c531772c3242851448cac22e1a7bb930a8c,사우스･버닝
0391a8719e83ab2fef38f8a62ad67badc6da45a3290e0a4e6fbd619c625f7deb,사자비
d17f24265ce24b6abbbcbd3d9d5b4740b133aa206ed81856018a79598a4abe84,사자비[F]
4cdc900e4a2530845b987feaba51a70370c0f7837745d1bc96fe5d016321926f,사다란
ba83193c4c3a5e8d855ea160afacbabe1e3ddf469f49a4aa9ed2b02ed7bceba4,사토
6e738890bbfdd42c072749947fa32ce0dabee4d3266f7a3fd62cd44a68e6e8a6,사막
56eb4ffeaed9cc63b2fb6598ae41b78ce3c0e650c11f28451a17cf7ccf1f77fe,서브M입자포
b7fa112a21b86a1770a92e6fbb369a98f81bf8aeada0931af802ce4a7ab85696,서브록건
25120f2445d0b344b0db4c8f42e29cc99ee978c706898a27eb91fd7e8fec57be,사마나
ef689415262e7ddbbe694a732e07359fc84c73c8cfa7b25daccb175ade2bda64,사마나･퓨리스
9a2ddaa58917353fb1c3055cf325cdb687a94f281ea63d679416414d50bbd304,사라
0122af09f384250aa6345138705516606a871ed30e11b92cae18b28dc514f801,사라･자비아로프
770db17637f99f5171d434627c83fde432637d1119e3064e41131f0ef30fda4d,살라미스
507345ad13d0a5a354e5f7e86f77873a6b813cec3896ce2850e816a4dd9dd98d,살라미스/MS탑재형･개발
a8b715df7318e6e8d57b4ce5d08bc67ee2b79f853fbd705df47dafdd1c5bf31c,살라미스/개수형･개발
abe1edf1ba46742c2bfd0ac7a09ae3362c09be489406566885530ee46a980826,살라미스K
242d7f50d1bbceb6592a2fc35e4fc3bdbd45ad99879258a8544cedb67cd2ab48,살라미스[후기생산형]
0ac468487f833dd98dd04315fa31f0e42edc1c0794924475f46a778c83dbf252,살라미스改
b43d984d5b06697cafcd0055b1e6599c9caed54b9927c302ff99795188598d6f,산악
0dbbe40d1b086891c5b05c36a11f11c9c21c4e7bdf58bfa8a599f8bed68a34ec,샌더스
ef548a38d44a477b6d93bf2104c8dd8d1a1f35ade343f6fd333471a2e49e7254,산포가능
d9adc3d1a07d2f1251607b9d73c83ac68d93939dc5528308681f2ace92cf0f80,자쿠-MSN01
c8d9974a4ae2871509689afcb491d57496117c43c0a3d6e8d95c4c1f556235f8,자쿠-R1/SM
e14454a905d38154197f122d97c217f2daabb3cb48da37bca1da387c5c63dd2a,자쿠-R1･A
e8a66ee9bc7391ec07a8958928852e300a44dd8a72b0b013876efa5fec6bb15f,자쿠-R1･B
eabaf311ee2603264c6c0777cd4e3964655bad21cde6fc5be9a20c6a083e4783,자쿠-R2/JR
da1ceed9323ebab228af2b7d8e33bc523c097eea19fb6fffd93a2b622325b439,자쿠-R2･A
515d4c11da02df87748ecca74e74c0083f2b166a7c88e31a656d0373d86fe8e2,자쿠-R2･B
4d9216da10be626df1b00b79d5a8ba76454a7a7f03e011b75595ec996220934b,자쿠I/3S
8a519bab68982c049e7d73200c6a5869eaff7e9f0d5b972e1d52230c9905119f,자쿠I/RR
0262228122379b96e375c7388a8c00a3639f90571b8a957db573a7e6f6cc4557,자쿠I[3S]
416df0258479910e02212897ff805c8478a29d0544c847a8c8d580b62318923e,자쿠I[R.R]
4386fbe56142b7cd7f5a694426344d50ab9afc80ec9e8ec4db93e645d683d3ce,자쿠I[바주카]
d9448b4c6f05f856813c891cbf9f4e6efa7f810168decc89f8a11b419c2608c1,자쿠I[머신건]
5f72804d0eec3b5ec917476462690ba63fe8d48bd718b8a98d19062a9d4e3205,자쿠I･A
b7b32296b5054fa548ea2d6e213fbd8fba71fe96a384bce30b1f2710f708725b,자쿠I･B
51e700bc4af5c4f38a5abe4ec6216d2001d5379db6de8acd0cb17d3abbcc4082,자쿠R1A/3S
74ee4ed8f2d0539aeb1faf883f02d9adc5be52da26b9deb80ea9cf40d2ad9d07,자쿠R1A･A
83c944c67d6f6cf9b00f4cec3fc1201abf644a58267e4010dbb660d5d292894b,자쿠R1A･B
842f42b9fe2a589918c1d8fe6df8a570daeefb07c210f73580fdc4b4833b952a,자쿠Ⅱ-F2[후기생산형]
db35be9804004f17a4fdd79de62362e58d4a95bef4d0201324b675d89d6b8fc5,자쿠Ⅱ-FS형[G.Z]
69bfd1cc43254aa8a754c986a2c7fbc51fc943123dee9ad368ec54b42643761f,자쿠Ⅱ-RD4
f160ca298563c91caf039f86ea0cd6a5d20fcc330ddd4cfda1bd06043e350771,자쿠ⅡC/CA
01209b6ea4fb67c8f875ad4353d36ba88ced2a05e631646392dcb514efaa5b13,자쿠ⅡC형･A
a234bbd2a193ce4cd66d73990b45c16957414a23924a6b2e38ca85aa11e22c5d,자쿠ⅡC형･B
842b7dff9c96a9cb2beb0b9fdc067db0205dd182123253586d462858237fc46c,자쿠ⅡC형･C
ca0819302c4f2c9e55a9c93404837ce86702ea1b51e27afea5864783d7df35b8,자쿠ⅡF/JR
73287b85af609eb4ca5d412e49e64be0f01bd042dfc039cdeebf984acd955c09,자쿠ⅡF/SM
05c9daebad4b177d2aed1a4646559a9fb3654ceb0b143779f83cab0096b9dd39,자쿠ⅡF2
bbf8015e2ebc432bf6521a4d25f1d640da5323b70903e5183a2ce51977d9c4dc,자쿠ⅡFS/GZ
b98ef823f48adf227e43acfa233a62e2a39afe78f4cc7602411b7584df58b9a4,자쿠ⅡF형･A
95c75a9379d938789a40370a3423f39d80084b2845145a4768ed4c1134cac329,자쿠ⅡF형･B
ea893f15b9baf64199dfc5fb0d3535cabfd7ca870c9ccbdeee131f095d467ea5,자쿠ⅡF형･C
31e835eef1d86fb2cf9a82f1e80684a47b8e6c161577f3831f087fe519d861d2,자쿠ⅡJ형･A
cb504aa4c07859f9dc7052c9011ee8585ea7b45e59a05733110f6ffeb810d886,자쿠ⅡJ형･B
4289b60b79de840cd5ce565ba8c126aa0061bf97b05a70720cc11b8c9f3f8fcc,자쿠ⅡJ형･C
e0dfe830b1f8e4e2a030aac9ffaab6cd18b1d7fe52907c0dd30f17fe42999144,자쿠ⅡS/CA
3979fd061218e16891bec9bd8f4b3ad8c4f2bf49872a2d1fa08470c731c8d368,자쿠ⅡS/DZ
ebae5b84435de9f2a6c4ce3fd086d02f3486a5056b56dfbe8836eea2c2ff9841,자쿠ⅡS형･A
021ac41e02a78eb4edd1445469a4a9390b1049155a4e8f5cb341c2aa481aaa9a,자쿠ⅡS형･B
a2cba55649da5cc3d473fbc2ad675c182e37a7618ae6c12f976ff08247cfbc45,자쿠ⅡZ형
c1ed5d47b2b383faa7101bf39683ba75b0a26258075945c0b91be45e90811026,자쿠Ⅱ[J.R]
209e84c51a19820ec1382528fff7dae72956fa76ba320f596ec88499ae849600,자쿠Ⅱ[S.M]
c9785368fef3feec13a78277fa0723e4cb739fcfffc35cca535bfdc51f8cde57,자쿠Ⅱ[스키우레]
11c0cd7f273fc574fb5dcf40fba894678b190c7a6fb32c9d9e9ec4ffa73621c1,자쿠Ⅱ[바주카]
e1db90b1fc289acba942a1e623a13ae14670ce9bb11ae56a47cf5701e77012e6,자쿠Ⅱ[머신건]
3601800523119f9c1e2e6be91933ee4a7380e7421d4ff63ab52f2ddf24f0c3c6,자쿠Ⅱ･S형[C.A]
285a6509d0bf563d92b6fcc22c4e19837413df959e50b97493dd8b1359412603,자쿠Ⅱ･S형[D.Z]
1b7824811867dd3833f3b1691bb89ebbf80225697000e14a2df9c5dc2bc0b233,자쿠Ⅱ･S형[바주카]
d03f27ae73ac3ae5934f54c50eec584687d107c84bc997497e5862e243ac87a5,자쿠Ⅱ･S형[머신건]
ba54640316e87ab1ad2801ac1951aba54fecb67d22a3c7b7236fd7d7fda30916,자쿠Ⅱ･초기형[C.A]
907525e465edf7ad0dcf2478a6041ca658ccb3d2eb3e4dd6505e47ea1eb7e67f,자쿠Ⅱ･초기형[핵바주카]
38de85061d11a3bf302820c90d61c5789f84fb8e2d83ef67befe455139913c01,자쿠Ⅱ･초기형[바주카]
5cb3550a26e65a0b36026f986c207cf2dc1db059838c535112c4d588028dee10,자쿠Ⅱ･초기형[머신건]
83790358c2fb2bf0900c67d844a0352c45bbaa9dbbb1b81003ab75ff67a87a4d,자쿠Ⅱ･육전형[M톱/F]
0542b7af547c96275d5a96a3fe8a3a0b8da3b19bd1f01b9bd7947190c4fbd157,자쿠Ⅱ･육전형[M톱포]
5f6ef9131f9b8d3a147de3b5afbf04d33f69083dc087e2fda4247fbba62da0fa,자쿠Ⅱ･육전형[바주카/F]
8c9ef08ec3b0309b4d2edcd8f5972884f3140f9373692868e073833ebbd131af,자쿠Ⅱ･육전형[바주카]
ad4a69cb4132997f4235dbef88d1f138b56aef0335b6d832f5f212b9b54d3425,자쿠Ⅱ･육전형[머신건/F]
6abb72fcb614e819ed7b84f9c5f550ea414da54763fe763fb0d288c66146e763,자쿠Ⅱ･육전형[머신건]
f9de800655ae6bc77fd099b6263f3d65b93bf6d5789bb56d463a983a1a5631b0,자쿠Ⅲ
54117b8160912d94c92f11bf09d66a28f7097a5d99edf1cf8becd711063120f2,자쿠Ⅲ[F]
00861ac30254e975218b991d249257515fc804aecc989c13b6451110e004284a,자쿠Ⅲ改
308593a0a5214a05a63063610918695d5416b8b280afff19da61b9837ad2db42,자쿠Ⅲ改[F]
5ad020ef3c9749d9a799e2c693643a549b5ed46d8993cbf6d7e1a7c9b44814f0,자쿠改
a66dc1e9d37bf15d20edbf53fde03aec40de688dac6f53c1a4564261f1c4e876,자쿠改[최종생산형]
1ff5e25167e4caf07168825ce9d38be9ccbf7887bf11b59003ef7b062c124a97,자쿠･캐논
09515f584c1ef14db808255cfaabb673c9d98f00b9aa81f9608eeac867bf1cb9,자쿠･강행정찰형
3a3857c193ecfb5d8b02eabb0d0752a456b35acc610c2df23ee09f429c534c68,자쿠･데저트타입
d5c906cb5dab098180d3f1d93117c16c28e03be6c9485878fec0a6d2e62e2a33,자쿠･플리퍼
4f1526126edae8d5c01c014d2d546123b0164bdf63c9530708d2c9545d0a5179,자쿠･마린타입
29a474648e94883e82481fa38bb7de70a06d0ae1d3951ab1e5162ecfc024092a,자쿠캐논
22adaf14258b07f4ba097f6e49cc908d4788727fb91bb00b6cd79fd7636d7f6b,자쿠탱크
a61cd8f3eebcf7bfe0c786a4178c13e73ca6b1c5e2a55c1822d1e35d2be10418,자쿠정찰형
2ed446e40d0b409e0da2fea64d2a510dd84a6e3170b91e97dddcbf997eff88fe,자쿠바주카
a1951aacc78994fa4f69b2862cade6a596ecfda857b88d5647c1b3afacbe2a43,자쿠머신건
baef4b85363b91eebddf7e3add33b4c953ebed23d1295bd5e7e7b2798af70dec,자쿠머신건･改
49b67f74159dc9ddd70487dfebc9b3efaa5de75c4b209e533b4ea97a7f58d625,자쿠마리너
df673c18fc101a3cec1be92f38e7af16de71bb50d03d0c29894f3dd4656af447,자쿠마린타입
4447909a4ab29e1c1fa46edf35d0cea12d23000f7aedc311bf8052d56dadb09e,자쿠레로
99f66f07764dc0486f7b5593bc653931abfe9ebd3aa89ee0e87169a441b45bfa,자멜
7f539ea6ebdfce9910a36d049cb1253f0163dfd0e98a3b19788f3f4ce9ff8928,자멜[뫼르저･운･카노네]
17f18bd33b685e570d84a7bbcabf0579fbf58d16dcf2dfa2eec539fd2257097d,잔지바르
499341b20889fcd872e123940270abc1ed5199243933e14e51b0dae0f116367e,잔지바르/개수형･개발
74b70d0ae4260e47167f58a0e83a20e5b3ff8f9dcf429cd3544fff9d5b79f1d7,잔지바르改
c8abb0959e0e22f6548c8aff2655e0e16a57689c7ba1ee3a9b7240a2cff210d6,샤아
3476935af3c0478aa92b544cd23d1998a2e8e1d70472bd036898b14d346278e3,샤아･아즈나블
df9e2a3bd8673509371d7295ebe5be03a8792a4f8a1993b0e1fa6f303e222648,샤리아･불
6382b8aed2ab0238119b412919f4eff206f94de094e02fdc5e9c9b55b3a6a6a1,슈타이너
53b0e4a36eb0d216e4c1ca866cb46dd409a27f944c6ea8ff10715422d4a8aa01,슈트름･디아스
9e875d021f11657c87d7ea4aaa96dd76d085bde0d43ed8e72ca2822536dc4fb2,슈트름･디아스[F]
a34f90227196b3ddbbf51ed8be1eab92d0045236084df2929290941f27e4497b,슈트름･디아스[그레미/F]
4dc69b05ed4d0a51f3a533dfd66821ae5f9291beea1c793e288cbaea0e71c3c4,슈트름･디아스[그레미]
1a2e003c416cbc5ca25856b4c1b04712d5b8f17642e411f641e7c859d199803a,슈트름파스트
288a01bfffd169478217d10606d3498db39c3d67a52006c37ef269bbfe0e143a,주포
babd64019c780a39f4ccab4ca2d282d77885daf84c138a703234ee87e48f9a64,샷건
b8da3550eee4401027c40fa5564d6e05bf553795f31fd3ba22d6e206b7585a0f,시클암
5cf45e19c3e2a9013063d765d001a9cb8bce08c12a9dd22701b35cb4961fe9b9,시마
36621a4dfbb4aa58f1ab3263812af5678abe2a9ff2a1adc4814b0f50c49f92bf,시마･가라하우
090e7a1de1f63aeee4eb087b9b2f3c054c5d181f1c92e8b55ff0af64d0be3c7d,실드장비
df30b80c3c2ad4c56c2de9cd6f1f99d6db71fc9bcb860bb812d67095419acd4d,실드캐논
d25efaf5f35fb8306e722667895c7463a19942363f5c96da03a070efade83253,실드그레네이드
04b25cd0d159a970f12f26a836f285167207f356a129d0e9c51903efc5117424,실드빔포
048a411045145956b136ba26b77a7c784c043c8086c7f204e4ebd6b963e90324,실드미사일
a27a571484a8d4b6340a2b0dc79ea15391a3fcfb4768cdead94e55148da030c5,시작빔사벨
2c8f84da8d3b1cf3fbf3e81c149c681e23da8a07d00fff459aec50991351a6c3,시작빔라이플
aea0bfc5e6378a61aa9b295f62b12000fe7c99b7e05f57be3325c2705bc06f6f,시드레
656dd713aee375dc64422085fb4f8b52a74666cd1137e4a1b31d14ca900658f6,시냅스
7cc47473b20a45a30e7d6573c0200457126bb1cf79d3dd123df13780f549295e,사망
2a9fbaa9700970317920ebb6ab25ea53dac332ad60dea2372b16d78841ce8b1f,시무스
7e71076939528ed31a1b0703a9adf757481eea43a7cef3f6563985d7af922f5b,시로코
5c373960b45d220100ea20ebe2122d2226684c8c7573f0f7e5182855003681b0,시로
2aba98a8048268ab0742beeeabc6328f633172dece50908ddcd8867be1870b75,시로･아마다
3a0ff58c633c86726a7dacbec526013c4d10715c2f8e5f6d0ad10d82ac1998b1,신･마츠나가
d2ee52f0a4ee4310c87f5f4489af441309f6df35f62ec4537881138e2a94b5c9,신형우주전함/개발
5555096e8c933026b89d6c9c45224e431512bc2fa82348ee5814ccf50227e9ad,신형우주모함/개발
010e6cd64d5ccec5ff305ea56aef8a84d8fcef0c9e0b1bbc0eb80ae84b2a85dc,신형순양함/개발
71eef6dbb9fc69bc0ba9153022ac4fcdbb51c947b91f72022e63926d637ad0f2,신형전함/개발
ca20af32ee141c841be4ef7e899460a79a75f3529b20fd65e55b20ea8499bfbb,신형양륙함/개발
2a8e79fe09da5eb0da942be84f181a2d6c7e77079ea366d787e7c9b7196e8150,신생지온
eb6aac6909c4dd1a6b52818ed010da6283e4d0dde6bc19afd2a4acfc8d0c5b7e,입장불가
3cd8e53f82b27ebb76b5893971329ed8533bcd34abd662cc166f175184a2a824,삼림
37f10df99c715fb970d78eb8a8e76563dcec2537348d1745420e21acc86b4244,디O
67550ffa873578fb9fd766f4f8e8138db93930795f53182528cfd807c16812c5,디O[F]
fbab691e818fd4b197cbabc93237a0cb2fe48898ec3f7cc85dcbea0c80463bb7,제간
222816c2b3142e7e7693debb013bfbfca3ff3f457f7c99aa339e0ba575946815,제간[F]
e18219888186e01c5035e866cd4a222fa51002361fddc0a5882aec042666748b,제리드
1a0f1677fc205184b1bfd8b3e3086ea18313c11e746f0ddc160e7aafc4e50069,제리드･메사
f1fd0e033c7088811099382c21e7eaaed2100459528ceb895a581eba493e6387,잭
6b330c94c262f1bcff3c1549f5faba221a0eafb2de24d97e73ba3dfec5aa9626,잭･베어드
c205693450a570d2e6040fac8df2a23f27bc200fec6e7dfc7001fe45d464cd21,자이언트바주카
37737e6e506844ddb5dc35b47e3b5fe613b586c97dfe54dcd4d53a6abc02ece9,자브로
2538500628d104e07eeea46cbc53daf0e852029484d461e22401453acf49bea0,자베린+사벨
a3ce8a9381d2e447d045a9f7b584f8bd855ed18c5ce465e76f37ed7502c69111,자마이칸
8f54e52af0208567234dcf181f12f20e5ce0cdc8e3cba4391d7d95e7f235f60f,자마이칸･다닝간
1d78aede96ab05b78e7c00e122d49abc78e30f26fc7e38622b914300dad31652,자미토프
bd502edca9ab298c5d1598a970b68b0f398cd41a752a9218b9e072ddf10d3b80,자미토프･하이먼
47e9ecf89a669c44d73f0f4e02c4ca65ad39fa6066189b26499177f754cdc6c8,잠루･핀
81cf65be838fa9ff9b822e5c0e2495beffa476b814fab0c2f220b405a333bf34,잠루･핀[MA]
bdd4d5b797a82b0ed1816b47732375b1d680dcdfed9663501d4d0a9cc30563d9,장･뤽･뒤발
cf7eda5cbee37adee22f2d298d8fb181ed3f4a2f243c15321bb7ae37682877b2,쥬앗그
8c817d9eecba19d7e07b0d8476399873ac972e521a2c7892e9611e8fe872cdd4,총순양함/개발
e06638b52641dd9ccbac7ae1740464b9b69d8892b899dcb87a7fec1af9ec6045,중폭격기/개발
bb21cd3ce84ce947c519cb29c07835626779bd8b444997e300db2b3c81192bc6,중요부
3b110604e8da642fe9d4b403ca594c6638a271650836cf1d11265af05220a2c5,쥬도
b9ba29eda37b8e1c53225e1466496851da6a3fc0ccc114afe1ad4dae9fed248e,쥬도･아시타
2422bde55ed336b0b9b45022f9627e9dbec89be214eaeb16bd8f2987317542e9,쥬피트리스
6c09411b742c4e30a8891c97576da5c804cc2af210822b4ab45599b4c6ba0f75,순양함/개발
eb3f58645e58f43127ceba01ac6e2bb894df6f03735d34dca3f1a86fc825738f,죠니･라이덴
0eb7c6fe1edc577a0b8b4e788ceab63e379bb425283682b171d8c4913faf3993,조브･존
38050975c4da9975cb9ff41e492cc924747d3d39006c1a8dadcc79634f21d048,존･코웬
0c26113bedf8b5da7fcf9d534ef12900a530422dab40531799eecce1a1dec781,짓코
3ba02b5c99f5ed2ca0c5b32c311bf07f81170347f98fb0d5981a07fa29619edf,진
8cdd032f4d9608e2bf098bb0c29dd6caca8ded64525625851fe04cbc52c655d4,진･콜리니
f4c8f0d7ef63ec54ea0a796ee8dff3f99d2684857faa274d51dbba067ad2625f,지온
2f853953286bcc134a285e444e1570c343aa5cd62d4e32ee5b3bd9c465cdb972,지옹
c40d0db71f55427a682b1586a29cd9eb95ed9040655e7a546413a0f3a20821ef,지옹[완성]
4df22c9aefa460e3d89e0e52f4fbf2fd84deabbaaf998571590dc1c1d5e391d5,지옹[헤드파츠]
028499e7685a18cc22b40c14d7361788d86d11d1acc92f24ab22698c2ad1976a,지옹･헤드
73bbafa9cf702cdce898a85f946efd5af3fd86b02e2fae1ffb786299f255af54,지단･니커드
68d8c4b603e92b2284ccbca69196244f08fb3a646ab88d6ddba2bb95c5a15c16,짐
00b0d4fb13abf0ac86fde88ed0549ac62e891b6bbb0d4716b7fd6043912aca5d,짐D형
31f1016e2289a67e22ab8f343ae42b409e94b30766962255534fe4dbae133b84,짐D형[한랭지･사양]
ef825cbd5ff7bec69ef93de345921849ad4e25d1e4d8fa228df90dffc8fa84b4,짐Ⅱ
a434b6917f19b88427b16df34c69abcaaed87d9a04bafcb2db64c89b4ab163df,짐Ⅱ[F]
9a6d335ec7a1893f20857c39faaf0c9fff92d48ff1252e7aa7302efb776098d3,짐Ⅱ[티탄즈･사양/F]
3b29a6dd4377485eceb114b2befd4f1a2a1a76854802d36f673f6e6d1bb966b3,짐Ⅱ[티탄즈･사양]
c38cd42f1573fbbf278e36202f525a8d426c193013ecb2177938ffd0d333e1f1,짐Ⅲ
4c50323eb72280ddf9619322884180794b84b2ebf5e233a0235d928cf175c58c,짐Ⅲ[F]
124aea89dc073049792817170b028dae8678a777357d95a061f12d0a92b78c59,짐Ⅲ[미사일/F]
17d14fb51cf746a06f3a5f97bd4080849b18b4b0e415ad400518889f17509979,짐Ⅲ[미사일]
aad5a1a638523a58bc50c6e45c45a187e3220869cff005c08da652975ddcae48,짐Ⅲ･A
a9ad4e5a6422d93ef960e2c0a8fd766457cd02db8052af338f51f82cfa4f761e,짐Ⅲ･B
63f7b200d6436a85e93b30daf51b3e69f22039bbcf594aba730da1dce93fcf1b,짐改
dba8e54fd415747fd5040cc9f83f4eda7a9deec22620ab4079a5b9b1fca72904,짐改･고기동형
fe172b593aa92e2117d294588d501b128e5fa7a91c19862328b2d9bedf70b570,짐･L아머
28d15f77070bd91aed53033fed0be6cf195ec0aec4efb11720f3d8682cbd893f,짐･S커스텀
f3bd3a62f7e295ca04f826d0f98449efa8e63a0ea7bc0d78a884b00a52b0155b,짐･커스텀
e2a1f5e737bd1fe2610480c6d43d3876724e748efb71dfe4201be41bcdf9b087,짐･캐논
fad755f39fc63a7b65c319f27b8dc89959e473f9cf27965c6c377a8f193c2a08,짐･캐논Ⅱ
224486c8edfd548b1d49c6dcbf7111a342915574b2d485716f6321c9f666ce19,짐･커맨드[우주･사양]
a2b0e11bd9b394444bcac7897ae06a8b41556ef204df4ede44a445038614cff5,짐･커맨드[콜로니･사양]
c08ec14273f2a1e3f4f2a5c44e57816a91e31cad65785796cce99ef45014f79d,짐･지휘관기
950b2401dc50f450a9321254c47a4d4c5bb5ffd1233bcef1218b6233e01ded76,짐･지휘관기/개발
b38ccdf88a8af4b3bda2af9028e88a4941ef7bd26c6e3f669e217ef5b91abb8d,짐･라이플
20557cbf9db2abac6c062ea00da4e346db09fece3493634b824ff083b0b6f696,짐캐논
cbd5f846abf020dba0d8342a7f1d72c86ac1357a7e8ef916f9a30291bd680f66,짐캐논Ⅱ
e85e5b79ac59f3d5aaa15834d783757618ed3d11cc5421f8d888d5890c0fca2d,짐쿠엘
ace0447f757e151fc0e34d7fbc5ff67e21b729bb405265da6ac3cd4b8f8a364d,짐커맨드･G
66b25ccb8210d50b82f6bcabd8ce98d1c6410cb5fc358dbb41e859625bc02b0c,짐커맨드･GS
d99111f7f8f6d95e549de35679a7994face8c3054fb8baba9ec6e94ca8bb4ba8,짐스나이퍼Ⅱ
a16d71bb21e9c1b1877e1816512b080ef809c4aed45373a0cbe86d93ba853c96,짐스나이퍼Ⅲ
474149e55cb13e5f31594a1e7352d361f7ed5587bcc2059be4e5e87982ad378f,짐스나이퍼커스텀
6d12314278c616f2f9d0006a7c70b67160735871820013ed22bfea1084927a2f,짐라이트아머
10724f9a84a448117ec3c2198a14bf8e3df9e7c57afc62d5911c655abcd042de,슈퍼네이팜
db815607cc217fa8e26631747738a3f9a5c1c3493a1a4573407198c1921a1152,수중형G
4298dcaa86d910eead331bc1c5342d7b702df7a81e960111e523521cae64db8a,수중형･건담
2611c9beb382f9cf32c54495178b6b81e5e208641d8be65d0e6efe878ff28fd6,스칸디나비아
d012fdde230ea6453a2228e76cc7f6165b46c34863d9612861b70e6cc29eb88a,스키우레포
6dd9a38bd105700ba7241a85870358b677d4e04cb3eb495a6ffc5f773975896e,스파이크실드
35f04466ef315290bef145680a90917a715df729e277421e5b47cfcd19990b0f,스프레드빔
ce599ef27883ad305b7e42b44d29ba4dab9883e353d75d9160620a1173ba6b90,슬레거
3da46ae25c44f9156eae7dabfa597909e9ca15696ddb73bc629ca299b450f2db,슬레거･로우
10e4b766348f381678bd48bdb453d288354af83c9de7710795bffd983e213d80,슬렌더
6a95a66e56656ae6c721aec0824ef831f121ff8d326fc95023e9648ed3f00a89,즈고크
344e3e814f81ff2cd65ead24caa13c8b1f9de625936af7eae5e647df785008ad,즈고크/CA
9c6753c2f08c871d9cec1c9b297285ced6480def62f2b5fc1ad9715146d0bc94,즈고크E
c184965130669f4308089793c5216185d22cd85aeb3c5262ca526a43a9ce5df4,즈고크E[익스페리멘트]
be8beccb258675a829d5b032565b8aad3ced66478b2aede2858ca01c1d47af80,즈고크S형
f7d4f5e32b3b1e1a2fa59ffc008d450e6a9bfc3396caed9ff64677841cae22c3,즈고크･S형
e55b3941a379c0eee6a40d850c77b6713e295ca1d0e15f5504e56fc1e6f98a26,즈고크･S형[C.A]
729f2604b0d6ed6ca15356a0554a481cf874777920c7786bf5a12ed0001da4c9,즈사
16591cb96e667fb3c09286e6599782ff31f6a9cce5304f94646700324f604cdc,즈사[그레미/BST탑재]
51099bec80aee5fc4426edb8664d7d928ee6653226e71f41474d986dfd0f7766,즈사[그레미]
781d2bb6be454aee02fb8ba457e040ec62039153d23e79806aa4123d4f6b4f0d,즈사[부스터탑재]
7a98aee456217a8ee882d290dcc0f0201bc3650ede7f1ec59e3440e3ee5b2000,즈사･부스터
21ecd9f7c4e50de67c24d4bee4d03183b4e87ea0208b62e00d19fa2e9c5f5989,제압가능
6f0783fe0b442619f11385166f5fc81226e6cc014df04cd878425bef14328d06,정통지온
dc3784e9d1d51cd004e596e9dea380fc26def35137836a527a51dcfcdd19569a,세이버피쉬
9eb8f004c83052123c144d32b2e2db5e327c572285a4d78ccf3046dc02fd5701,세이라
f7ee30a2d4b8d436f14236eaeb76e0776670d1370e9f7479e4afda5486e563cb,세이라･마스
37c089d1257623d3e6c23171330f5215059a13838ff0c74b1a9c231e66a8367e,설원
44d1b11827ae5937c2bda9d33b242ad781d8bb25906fd67ab3fd67619ba4a970,설산
5a9517b9d7411180b49414969deb4920f31ee0b66a1da94878026f043eba3bee,전함/개발
1716751707755167e0d8e8208ce57e6295965daa653f793c687d96bfbc5bac6c,선행양산형･볼
af3c47299a7e0804199e7a4438c47daa4443d5587702f8f789006b88a3eea125,잠수함/개발
dcab41651ed89b300323a6d20aef9e96b42448a9c83da081b12778b12263244f,잠수모함/개발
6e227774079126e5494da63ddf76824078dc792e6d036a60c37d6ee279b501c9,전투기/개발
ae44d42edddcf925dcda85cac72d59a78be86e49bc6606c6fa0d94ffa8a9b2da,전투차량/개발
6a5535d9a7c831bccbd737d10485c308afc9d695143197ad6948982a32f7613c,전용･바주카
f093f12519801976e849e63e831f241c82776eb7c2f51e44e34a82c0fadd44ac,전용샷건
5fc7d473e7820f86f2fb313a25270325550effe4a635fa527cf0e2d80573992e,제고크
cee4879887dc34d2acd13de47de790bd90021c4cc9ffc78cfcc48592d7eafa2b,제고크/개발
0412eb908c591b74339ffa548b1a41bedda87f0f7e87442fc05fd9d743455fc5,제고크[쿠벨메]
b35770841f69b064762e2331d5d67bddff03691a0f1f9741b4aeb23932819519,제고크･CL
9ee629e767c56284b0f8557d1aeb96cb4cd3831c1dedf9ea7d1e8c3c1319986e,제고크･OP
6379acb58863c9fff2406096de16ca877ee5fdf8546cfc997babb094dc1ebca3,제크아인[B라이플/F]
c21646fa304d22433a1a7373c1b9df92386d69b550ceb7fb32188c6c9dc0a737,제크아인[B라이플]
2a1e722de16603791a8a9e33733b14e49ab5f4c73b2efa28172aa647152c526b,제크아인[스나이프/F]
05e6902b1002ed391bd30e88c2786fdeb91c346684de17bcf7313056a6a48178,제크아인[스나이프]
7ef220b81863131a169d7a73d05832d139b3351aff3bba806873e1bc8f2747cb,제크아인[바주카/F]
a333048705b76b14a4e861918b8995d4c65913d6234aa8c6b7ba7f0057a7a74a,제크아인[바주카]
d1ccc6c9f01334943ca2d998df37539d2799a85cc880256550a85dac88775ef9,제크아인･S형[B라이플/F]
57136ba0a18e5307d2ba9bebf2415675cc8bf6bcc708489cefcc490c6a0719f8,제크아인･S형[B라이플]
2fcd737aeea2db40ccf4d24cbe0b343a2f268c3abd346fa3b614024b64ff8884,제크아인･S형[스나이프/F]
309ad7f06f9ce32c9553c8d14691c79ae75a3abcdbc6b0aa6c987263b11ba68e,제크아인･S형[스나이프]
f460beeae19e65459c09df1a8edc87c1e31e571fb1faac4f6f8b8547cab668b7,제크아인･S형[바주카/F]
0d1e5dc89c1a53a6df38c3bb0b0f04003ca2a7b66de5f6eeda63672b055be689,제크아인･S형[바주카]
6308492ad458de03bc387adf12aa83d30d71f8c3406ae642afdbe4522e95deba,제쿠츠바이
52df86322be6d47551618fc40efba12a9fa09f47bcff9726d6ea3a9e223dd89e,제로
41ae621f3b39c90451ae1dea8d49d2ccbb98f33340fc00b3c484ce16c8076168,속사포
c54744c7332db0ea21c1e90ea822df2cf16f401f21c67864f9abe46cb2d64cdb,저격용･라이플
3a90ef4a115120f0360f5cc095447fee4a81dbdecdeb966e24903b985ce337d1,소닉블래스트
f3b4d259cb7772dfb796257a86162651e13725500bded7f7dacc06aeea07625c,솔로몬
75631854c2fcad22b776ea500746d79dd2a1fd84e82c3f25c2e0f67a2289aa3e,손넨
2f6e4dd84137fcbe0030604b836de8ed93b7abac4edfa9089bcec484f17cae21,족크
c1891f10bdda35b75d11df4ff6638d4646754aba6227860b1d2b6b03c956b5f4,조안
4103d552b16be1b58b0fe29287ba82972e45cf45f033c02d935f7c7739faa11d,조고크
0b88a42c018ebf4586671439470d168db248f996c020cedfb841085d9d6ff5ac,조디･악
7e0bc3eca24d39124249f6fe9f7051bba6ed3a8dba4925291c6ea989f9d6ee2d,태클
9817178d103674a100f5d0529b4dbe69e5e85f389da15cc008b4d766b8e5c288,대기권비행형순양함/개발
22fe9c59c455edfef277f900cd023363595ce5f91216c1bc0c797305a2cf6ec0,대기권비행형전함/개발
6dd03b16410f97f70552ecbc2de8c1f2a6edb3417dfb57f74391db46177d1d3b,대서양-1
95f8dc0f78c3a1bd3cc751fdb27a74317a71b8696044fadd9a12f29057cba414,대서양-2
68a69b803cc30a99b9e68e346d87ec4681f6825216aa2f351821cb76c603d30a,대함어뢰
f85989eb250ec0668683f25493c52bd9431e03bedfceb509ffdf4b3010887631,대잠초계기/개발
d18ca717444d2cae554ed94547c84bf89938bef4a71acd6c3052bd3df3320f5a,대지미사일
dbc12ed7ec92262dd9885fd41b2eae9303148bf8aa4f7735552dff08c7ba3e79,태평양
4ceac3676151e13278a26c334a47936e70a79aaee11241622614de3d2dda0e81,대요새용MA/개발
419964c5632d104951a49f4e02e6b28a9e5634a2fa8a37dd056b79a52131811f,대요새용MA/개량
4205db8132acae5eb3571d7b632319001f0ff0518fbfc2fe1136cbdd5de18f80,대요새용MA/고성능화
20a19cfd30123842265b1a927ca6438a57da57794295d5950c516cc1f97b4fb0,탈출기구･장비
88090766ce888c316b6363d7b3c3a45ecf3afda3cd50dce583cea9430de209c7,다나･키라이
5adbdc9daa056437e17a6f08b4866a4056836ba734ffd1225c6f6df6a69d901b,대니
8ac60f2a18c381c87090f5656ec665a61b05006578811e7f3dd50af62a418b29,다브데
281ad078901c0b497c6449011d5f96a6cad0d5c36da3a10767f8c1d7d3ed3048,더블캐논
bf2a38c2e116839deafdff72b3c5f99e2a608c7d7805c2269a2c57782e3921da,더블빔캐논
994066c975a042b086973cbcbedca61258db5dcaba1b25eb639ddbb65bb231ac,더블빔라이플
ffe21a977458f4b53a03bae206ddce48747f336c6edac95a3b6ad9fce15b07a4,다로타
3093746afa45e0c975ca229476e40bf9b0f775354715c4284f3e6a3955d4930d,단켈
669e2fa63ad1f207ede163da231ee2000e15e15f27f9cbc7ff50af8403c17d61,단켈･쿠퍼
e3efc861f4ea3e4ffab7f45c859672e848cab2b1ed7116a6f411cc1692bceda0,체인
2b6a632d6d386b1b60b823550ada2694e0d73c905101e0fce1aabc8b3977e3da,첸･아기
8a12cd2b356d4b82453087226621f4ae0c4ac4347eb24dcb1f3f4e22546f8830,척･키스
f8aad9fd37e3abfeea722e83fafc22508ca5dc8badd9571d31b791b2dbaf9e46,챕･아델
05f30f4cebe05ced3cedbdcf6c1839d5461d1232ff0c17ab8b3e7826c20a329d,찬･야
44ae925bb398167fed5af2da68ef8477a986730617b86b88efaa31a3a8722d01,중국
07978382ce03a76fc2df1e701e4d377a4c9d17cf1a2eafa0b7ca5f758d982f30,장거리지원용MA/개발
caa2f1dccfd87d8dfcf8584b98cf70d4e92a89d22a910c53fa08969f3227f7a1,장거리포
e4e71c5b2ff6c8b28c8fe9f4a4648975871282d3339c1f5c874a8ffe58488c45,지구
59b329657abbc383b536efd30eee01b391365ebd1fecdd7a4af94298ccb222da,치베
981c79f2620d36a5add9005ddc779e581c3a3e11d04706bbe3e398cd497e3eb4,트윈캐논
409d097819554e984ea2f408ba52258acdaf26c3a244df9bf9d2dd4169c8bbf9,달
2f5488cfc51a714a7d8e90b93e32cbeb6440fe10be28ec7b7a1cbd074ce3632c,주다[바주카]
31377ba9a2c266950c414bc1a7dbedf0d91c60199807675f656ebc2b8ad57a27,주다[머신건]
f782be87216444bbcea776e9f3acc3be3eecdb7bc644a190198ea5efd7dc0bd3,주다･A
a262c5b79e7b263c3cd93bfa88bf8effb3c3800e384b9f2cb2f07492d220d77f,주다･B
d97cafa42e4716a5dcf05d970a2b0a5143ed0aa5050ebd1d54a961afbb8c9edb,주다･S형[바주카]
7d00eeef8739f77854e36842ac2a221d2571fb4300d95562f8b2b7288f025e3e,주다･S형[머신건]
9c39d2ef0b4af1ed8022931564bd733f3361e18118277f4d263552f956b0dcdf,주다지휘관･A
b8db10cea2a426228616d0cea5bff26c8ef186143069de1992e4d9e830908794,주다지휘관･A/개발
a362b6afbb92c816f7913ccb48e9378c76f4d4f5507a100ace3b8dc790ef4598,주다지휘관･B
7e542fdd94eac8bf0ec68784379c48f3ea99d2936250c2ab948527bdeab105cc,티안무
7a85e7fdb72c9529c53cbef0d9ed0c5d886b504f9df773e4d4c709ae8ae453e6,티탄즈
28f9348210be0b28a5f804336c8a591d62e05d6eb41469fed4dd8b764c1084fa,티베
9fd420e21302825b6f29a9346aec6eada6005d2c4d8bef82c8fd5b2f295c2e1d,티베/개수형･개발
ed6319d5a5ec170ffc76551391d012c2f9a9d3cd128b5098b9a26ca6556d9262,티베[치베改]
7b580596fe2f832dd4bf8f88f2f74369621f0e7425234473bd5ebccd5d441916,테드･아야치
38c62e7c125b1ab8015ff82ea0955e23ef3eb994e6d408450be5ff503ce588d5,정찰기/개발
8e861ab724f8c99d23d606ea0f2e3b56657d5ee4c7ba03a5db3f91f4eea1966c,템･레이
e8442f174e5671beb47ade7dfe890b986e58379d5d5339292a1112f6a1d55558,템･레이군
8017e32fb203bbaa7a3a0b6abcc7dbad02b402b64bd42b8544bad0d9dd2847fc,테리･샌더스
233aaabbfb1ab53e950f84c75250f12e3bd1a290b4fd0aa26b460d0fcf7a47ad,딕･앨런
b59be132339a0f183f537d59a80fe76f652110034ad23f84984ada493597eb6e,디슈
c34e7c452463a87e6ac589901ce645e5e7da69f3f306651e7b78cfe5db9a7504,디저트･자쿠[R런처/F]
699708a647364dd75401093330654fa64b5e84ce9d29c9c32af45a5b044de69b,디저트･자쿠[R런처]
1f46e10475be98f27f25a72276fda0c3a8445d84104d0c6303d2aa25a89c7ef9,디저트･자쿠[파란부대/F]
126ffa82c0ec89195f3277174b5dd04c06ce8c4c978fc532bdd3885d33ead3e1,디저트･자쿠[파란부대]
613e6510a41d103275481ec3f9713ffe335b9d7385228db92f71653b68872ca0,디저트･자쿠[머신건/F]
a0a88e7709a6feb35906335fdf57282147c59344a58481baf54b3758ae1acb92,디저트･자쿠[머신건]
7e34e9ff09bdc2320f26666b10502d6e1ebb4c9c7cd098ebb3f1414392166a80,디제
1bed8293a71f8699545c6f1beec7290c32d805b741807a87a537adff3ff6a87d,디제SE-R
bb9b55517aed7b77fc23d3b37e943afa6b06b07c155cdc969f4c7c6e8f9a1fa0,디제SE-R[F]
60b1c15d52b9aa72bfec1cd4116511c533e829b69b34cfad0bf7b01f6d1f0ec4,디제[F]
2c372df9b41aea522e8776a064175d6e6c442d909825df33bb6e32be3aad7016,디드
e031504cebb93ee5e07c68e00b2d03e2e4127bdfae83ef6a042f95e955d35b8a,디드･칼토하
4b3872d820a53a9db415fdfa96fd98e0854918053333db47a2e87c4959bb0d58,듄
cfbe687065c6e0b9376660567d5d743e3b5e119a952dc7e59601e4c93a6ae276,듀얼빔건
f8b63f221efa8442308ac59581e036dfc559dd792a4b0c1d68dfd787bc53ff2e,뒤발
60459fcec813b619806c2fb8ff755224dcae33be4eb624df7e79398ac444111d,데저트GM
c899248b832b2569c9bd983adb5b1411371fef59b138259a25a59a09af56721b,데저트･롬멜
9aa0c8dbeb2203629e73465d6596e119018c2974096637b6e09b72ce72faf4a2,데저트자쿠
9aa1e53866110e7b165118e6aa8b7d5619a02d7d08a27518c5af3c8a7b896766,데트로프･코셀
8ce310d7f2b72e97ff03a3a72e54574ead64d37eb00134c6065864badffd2d0c,데님
fb7002f17b051bdfdff500dc8c92ea805da6fec5ff41b4ab3a64790176e94493,데프로그
76124979500ecaee4cf8d38a8e20242b18d76e53dc07ff56360127fc9f8e2d6b,드미트리
80a1d3a03dd5bd35bde19a7f5b0d34b5cba271288064026551cd8668bc1fa5d8,디메지엘･손넨
8bd7c636dfb077a4c264fa36d901903dcb08d3cbc26cb5796ead7f3255b5c512,데라즈
02d8f0f355ddd56cda8d12cef7649397670a293feb054053e2e9931fdb62d979,데라즈･프리트
f9409865bf6231959e8399624520f6e0f16856a0e18e1c8b5fbae6cf4dede8ca,델
64740fdf75ddd5ce5c77e8ec8f4594d8da402d49b25b61329202a2a2db3a9854,델-ZZ
635dc96a541569c6f930f1f4c52ee5b688d8b9a5c8870901dc05da6b2cb8c7b3,델타건담
0ba6d785de6e303539303e7de743532a4a215b2ab0e8a11c23f8e0ac7fb38ae6,델타건담[WR]
a0bbd6813571da2caee8753533d95476731e29152e7fc9d33768f6654f532a77,돌진 크로
db698bbebd8514cf49b74e3f8819582d048679dcb56fb82b38d7865ac89fef7e,톱
96753e1e778a45de4897eae2f6451aca5db5b350257d60e031b723499bd358d3,토쿠완
9b8c472570bc868049edbd9d231eadfefa3bb8ac5699b03b246932670cf5eea6,돌격정/개발
eb9204e646f363af82ad0bc5b586d1be5e7a2b8f5fe8b905b344c6ea4e080b7d,돌입가능
09998624264e894de00ab5d0003f642136057a3fed3a73184e422629b5f27dee,돌입캡슐/개발
314aadeb54ba1e6c6bee995dd4dcaf00d46a1ff70552692fe77050e1dddf6448,트라이블레이드
a5a427327416de22fcabfe44788f8294ebf368b4a8e778b295893262b04bfb2b,토리아에즈
eb020443077244838e4c9459fa5cce2a45e0644ce2dd015c687397c3dab23fed,토링튼
8b49ea9697143c81806ccefa2273b4f28d33e6bb82054795f13477ce82d7a673,트와닝
2822553134be6416d977d5cf9afbbda6837eab68f5f44a3ef1c0acf24daaa884,도프
02d108ab6032213d15189acdc480152ff3c97ddda1799092d2b54cf00ba61969,도프/GZ
5f58230603658b85b3d1fc649cbb10bb58bb4de49d359a67cb58d27a7e448dc8,도프[G.Z]
da26a80cd33dc1fe47466c9ed68e84aeefb471c1d93462f280d67936ad53cb65,드벤･울프
304615b50e1f5f63f602a308cead45c2b4c0bcb6b29e751530c67f23b41952ab,도안
2cf2f88e77b2424ccb7355679c25047b1cea5909372284adb54c5d9e50bc4a8c,도고스기어
f9a3d4393b99344d28ea58af0d20c631813d3ad3fb6c3653ca422666abec7a8a,도즐
c3e0e9b6529bab3952764d3af639cfec61ec9e445d57af253ea45607eaec8c5f,도즐･자비
0d2e79910e7698201734cdc7607d5fa751e4882bd88666622b572de2987bfd4a,도다이
0e0dd87dab6c3bdaeafb1ab0c54813ff22d2edb24b7a9725c3a5499f44346c96,돔
2f8349589f501d5f60d0034138220cad069c8979375a7c2bddad80f36e755136,돔/3S
59882a6bd36a728aebe68c74f8534ea572db50bda624c4bc032f0f83b0c0290b,돔/RR
3118f4d96a6718d078a208b91d51c5f0c8d399d7035f7dd6b25dc3a1b8a5e352,돔[3S]
7e2654bfb7c057c44c2147718d60e001f19300fc4531a58fbb0755051c75a34e,돔[R.R]
93f46b54a5b4aa61c3c214dcd0971f6a434b5f01c0121d51336ebb2f78f70b4b,돔･캐논
adda653478969f7e6e41ba6a859b16f6edd6ceb26f7b72773ffe170e0385fc28,돔･트로펜
c7f383670bd97fbc4e1e7dabd1ab181ebae00506e56c4096f34d5cc945cd6c12,돔트로피컬
7ec48b1416269dbff411805f176fdba7e3d90b953391dd8655c885545bb11040,돔트로피컬･테스트타입
b32fe53a3c434271dacb85eb68f9d50a5e83372ec5b73444d05685e0093b7cdd,돔캐논
18beb8876c36ad6f3746c14e432cc19aff458982bc2b6e0c0bf3bfad2e3b674c,드라체
3a01dbcbca899234882a5f0fa61cc3a0f92906941e94e2f1bf85227d59363fd7,드라이센
1a80155bbfc81af1f6df0231bef0983359e3f6c055210b75bb22d5cf41c769a7,드라이센[F]
d5f34b87f78166c7890061f2385f99bf704dc0bb7425c9e58feb99e1a6dbb9d0,드라이센[그레미/F]
c811bf1f060bf2cf7c8f4f84af283b4b57fdf8e1f820b65465aa45fa8013edba,드라이센[그레미]
64f7a2ddfb003961027cf0466ff99a8039a6f655fbfca92dd3075b29a663897e,드라이제
bff51e8059bd930d4dad2be8045915827c3c07fb7a7b33d3058e1fc6c53ea190,드렌
ba38b345cb16a26edf52740f3ac90ec75cb011dc0054da2e52a87458e72bcf7d,도로스
317295facb963af0751711855f1895590a346d64f21f3e4a6acfd821e04119e9,드왓지
08c6197db8583affd07abef8bfeaebeaf0f9a45fdb8f2ecb0ff6cc9b27dc0a58,드왓지改
24baa1dbced27b4d77db6ba2b5db307ec6c2aab3a7280e757d0277049b353b34,돈에스카르고
06c15e11cd478af3fe2460bf51a6243aa6b963df06a319eb1b100ba0ec585532,너클버스터
8d1738d2af86f24fc24b9fa488e0e516c32254578ac18063a73388c060ae7a92,나이팅게일
b0480363ed1d7a11079ab4511eccb74b88856c835cc7de6f463cd0500d911035,나이팅게일[F]
38314b992e9c16906d67cd15cba70d44ae3710c1c89b1ec3831a3872fe562fce,나카하･나카토
e108e7effac3ef1c3aff21fce71ac412d0308a3e0c1744228a882ecb3f42a576,나카토
68826062cfb126ea3074adb80f075e92757743f5b5eae2e69e7027dc2cea1e4f,나나이
75305a300957071371d8178f5f69a4b0e4aa11554c128950839f924f1ba241f4,나나이･미겔
04689c0dfa436480477664cbc514d5d854e5421ead3255d0eb8e162911eb045b,남미-1
fe150938cbb40e1309e597bf12f4ba49561015f57b0013c14ba468f448c35338,남미-2
666fa089f8bc1740d142ca03869eae4bae3bb1445b7a5ba86f9c51cab3614eb6,뉴욕
8c9c727d31f47c80a220ad36d48b59a92ef2bb58798ab2145ae4f18ff0c4e9d5,니커드
82a1bec2236d0db30e80b108d8137f841fb5109de8b8fb7c702977c784c1241d,니
bf0cd7afc52abae175bb311cc4f80b227889b66bd4f2027e273be4c67f431ff7,니･기렌
b067891c92fbbba1f08b0742704e219b3c3d8dc888268677996e63e4684fd80e,니키
945c444c51d8ef9591023fd2516cda5518833f7547dfa7b58f59c81f60fdd430,일본
47ec618a9ae70ce335f4ba44be4630953c0061cbc5f1273f3db05065597f247b,님버스
54879e34387ccd9ec287b6d6b098716404147870931fb74e4b06e178a57920b8,님버스･슈타젠
921b53abb0f6843a4715ec735d5629c6708866cbb21a0c6451d33f0727be6f3f,임무중
b45a4d5f44e9207e83a931b2f55d4a394bfb660905c48a266d2520254c8652f9,넬･아가마
c6dc614dda5208ffbf4cad4dd5d64f3d99330b95f0e013c9ecdb6ed3f9c74442,네오･지온
7d1399c7d922cc21a13324db888db7fa7c91e7e9647ad8daf40853245e6a05c2,네모
982c4007fa7ec1c638bdd7c89a9b5bb1336461ac00737d6a8fd081fc9342c0b1,네모[F]
a6dbd810d79ba9fe3ea8146124809b5b6acebfcd3b1fa7709edf40a0d3e95c79,네모Ⅱ
9b18d7a1cce7f5405a868c963ea0583fefda06111a86e5abbcf23cf5a8e00674,네모Ⅱ[F]
989853dfef44e243bb97064162cbb28c5be3cf4a1ec979fcc17417cbbb8a48af,네모Ⅲ
45b4c43f6642e87414d77fec0c987a3a9e4a3a06a81b81e5baa80a8efda5b884,네모Ⅲ[F]
7d83e4023f178c596bca5636bd8fb9667d636f7c918357a71c2e2fe204777e98,네로
88d492f983e920168405b7c629daf3620603534f4ac32d569dcdf353b113f853,네로[F]
2c2c1b6a22af1b6c19b31303ba8930d8d1e4a26487b278c86b7df164d1ec3e9c,네로･트레이너
2f88a079132685a3536c4f2dd3c1e7cbf4d386a678fff4c793bdaa8f6845320a,네로･트레이너타입
2b9377ed1ca0b3ebf9dabfe8b9f745693d05d8b2beb4af8768756ac1ec5c4f0b,네로･트레이너타입[F]
6c1f124e8c12c6ffdcc97f4fc78eb675f7b51673f01bfec3f963062af323e693,노이에 질
390259cb69219e7a9606ca41c770b0c92497e606853bee324e0f512495ecfcbd,노이에 질Ⅱ
e395ba08bf8b1fa72f6416d6933bfabce7516cf8a9db28d1e11d58c1bf8e071f,노이에 질Ⅱ[C.A]
2c0cd3eb8c36633707522084de16030a3d3c32e977627f87a909609091c51c42,노이엔･비터
789ac2615a1f7824a6f15cb842d03edfca37b7b7eca8c4068df8f1baf30c1d78,노리스
c05d7f1d2ebb9d7ea2082488b4a62acf8a110d2dba143cbf49e475b8e2357a77,노리스･팩커드
9b6949b30e5922b001bce599b1917da00f5ebccc37d7aff13c7e72e218700e31,하디･슈타이너
f8767aad02494d33304b9953a9577acbbf72c989aa5a106b8cc72ee47ee3bc71,하픈건
ea4fc3d665140d4a854efd7a2dbdcec3c5d8612ef7fc950f059c524c0bd37f28,하이곡그
b7403c6b3061d0cacc8b6348a31bbf5b0c13ca63e1ac3e3112807a4f615308d5,하이잭C
7daa6d1765ddb073a62c49ef713cab6f38ec41fba60626374187b6724f094502,하이잭[빔라이플/F]
f7f778f7e7c7852b9ee025fd2d6ae7d9b66bbc7fcf19479d0f06a014e36f74fa,하이잭[빔라이플]
4ae5dbb0e0055f30fb6182cfb8a85f553cf965016a19868e3cdc9d183588c322,하이잭[머신건/F]
86d76a2d9a583796d5608a3e2dc9381c672e40c676d17e55a5cf0573f5cb7630,하이잭[머신건]
8b187cc2ab065fa90581985182700811557c5f9d191c09703b45118689ec20a8,하이잭･A
1238f89cba180fc9af0f03a0c3b6aad14ef657489ff473f14e9114ea720afdb2,하이잭･B
885312d1e06a518fce40eda379a382f4783c2f87edc05d2961a1aa5c072471d0,하이잭･커스텀
7ff34c3a438a78fcd673f0221c3752c7eec55a1dadc44f0468cfad97966f8616,하이잭･커스텀[F]
bdbd1d06f3e28606405967377747322403b5abf940cf8c61f66f5c6416269dc2,하이퍼해머
645da6f25a9a854a9bf246003f0c57a5c37c24367b55c51a6eda3f7bea4f139c,하이퍼바주카
349a991390952641ec895e59d8cb3e5bc055d08ad46fce77963ebb7a475714e9,하이퍼메가캐논
a9c08f60165ca9d99544d9bb99182ac3b0d635a87508dbc4f1722e7d261daa63,하이판
1fa70ff8354c0e78f126bc0af9181aeaed22af801afe1cdfab24146a1f4867a1,하이메가캐논
c3af0e4b1109e79089ab435e035956277df37411ccdaf4cae6af3b8a0cf6fdb2,하이메가입자포
7d34fdb2adaf969571c81eb26818bc37fb6ae0ae485287f0bd3dcacf975337c4,하사웨이
1e644271210e1acd74bd38f9e7f55e3130f4a23ac24e4c5c78a2205a08fc022a,하사웨이･노아
97c21502eb2280f3176173bbdaa9aa23c9cc4e6f560bba622ac0ccfd6849b168,허슬러
b23da57d39e71162ac8d0fe1d8d2e4842382ec27d01ddbf08598e91e9057240a,하만
4b7f89d5ec04e58613de332e9d8b6554abc3ec721cf975c5e5d686f7f4b3cd38,하만･칸
c7625466f01fd864d3fd82f8b31d73a24da323e9d414be859dffd9ad63cd8e27,하만･칸[ZZ]
4443f6eeb645399c5e3d72a1e889f24eda2d5f71730dd786f2efa5d2b6664cb7,하몬
55f5c768f8e67012490e02a4598b36afcfc0d3c1d3baa2aceb7dc69fd3f91981,하야토
c1dee5fcb6250de62ec98eadfcff3e8ad492dc7499f27d7bbc3d74b723aedc8b,하야토･코바야시
85289f12bc988e480b4e81bfd771560dcac8491b6182cdd88daa4974334bce51,하와이
c5acd5882761f49bc8c8efc3d6a072fba9fb39e30fe44b878c005fc097556b37,핸드그레네이드
a5ad71ebaa2f0968b4d40e5af5569eb26b412ce7ea556925253cbd544ceef201,핸드발칸
af135a7ceb3ad80e64f703a59baaa3cd4de913d08d23916b704f3aea0e4ea04c,핸드빔캐논
b7c8342870718a4c5e0fbc62443536a9bc47b27cf17099aeaeedb079acd285ce,핸드머신건
180c1f7e293c4ccb4929ae2304f5277b3642e45006f02e10fd6302d6765f3859,함브라비
f3dedb39d59124a45b0c510ecd7ec591152b5994e42cf3f713626f5b005c8608,함브라비[MA]
a31bb8ec392278969e987717be17b18af49252ef1d4bf32d8bcd2c60eab1c3e2,함브라비･MA
43cc325701a40c72d1083c92bb0e68e75e355f071b1996753199c135c0a1fcc7,햄머햄머
38a8acfad668042d744950488c18b05e1ebe67a867f6d86ddc75804554434d84,햄머햄머[F]
3831864f860581905d4e8f95e851b7b99e9f5dbec500363d24cb7cfa0e071013,햄머햄머[그레미/F]
1854c31135b7ab97cdaab323f1431344ea52666ed5faffa8746bbbcd91256f23,햄머햄머[그레미]
1002126bc224230f47be46c6bee747d718ae57c392f1f655fa5dfe987916c94f,해머건
c110eb22495b13a244f8044bcf72f8d071555d968f9c8c7235328dcd97cefbc5,범용전투기/개발
17489335e7299ed6c755db13b4cbe74d4403aae98a581e3386cf163d8454de76,바잠
2be555f8127299f57e5eff319f7370df91bcc32152ab86e1ecbf34eb2086bdb7,바잠[F]
7e41af44f33caa420c9200d3ab5bc17a60f660bfea7588099e356e6418408a38,버나드･와이즈먼
3a7d5949624bf4e9c9830ebbcc5a1ee40adccb56cb486734c092b119f45d630d,버니
fa721efd77fae866d6c65465782402dea9272776a4a3a97b7a49024e33bc4c4d,버밍엄
cef9144806cea4762a05134ba771008177c36cb9033c68476930401ab9b634bb,바이아란
27773caab9ad3d7f5d0e789596b7ee1cac73cf1449c9b1194fc203501f9bbf9e,"바이아란""+f"""
fdad38c7e08ca77ea2377cc2ef31caa80f804fa336b0910bc20584ec415fe60a,바이아란[비행중]
78a1ebbffbcf69cc61dd24ce18cfb04a31640fc65d9f37e3e2aa5c629e818d15,바우
01726a1c9058df7cdbd304c0c33f7d1f4aac51861a854a7d149671f9abdc891b,바우[MA]
26f81e0476f76dafdb44eff97e6eb074e4b73e89222a66edd28568b1369802cf,바우[양]
2de9f5ee887fa5ff44413a74ece1016edf667a4d47366acecf6da4245851b3ff,바우[양]･MA
b07d5db4e3c90d428a0e381e271120ef6e71543aef4154b20ddd412dac875093,바우･MA
2d280b07ebf33045f34325206bf5cf85fd1caf21df5dc3e3368b6369870aeb64,바운드독
ffb9fc119a939547529d3868d507da15964c963c14d09a42e4c28fda83eab3f5,바운드독[MA]
279439df9d4cb2fb7b54d24f8c8853994064151ea2f859b5902916b8695bce20,바운드독
99b5399a7d6a461ae6dd719f4eed182c01ed9186cb67d7b4e2e63f720b198e3b,폭격기/개발
305e2dc3ce61c5168dba645c517fb5acbc0bab569b420391a785ce46d194a77e,폭탄
049e8027fae3a3637c9f6d0c5e05b1914842eb1fd517d316e6c8fb02e9120914,바스크
c3de9d79cd36adbe0979b2b0fa37b1150a1a7d266163de24ab7c614d5cb65d2f,바스크･옴
042ebec08dd4e441747c641c879efd9e2177c6d305284660c7c8abec94a9b6ab,버스트라이너
4454fcd32707bbcac806cad26cc4a392b09a98466afbe1a2d9b7bbd0f79b4ac7,버스트라이너포
c4fb764bebb8a4009ff1a2be168784cd3d17dc29efa3c1e1252c1419e97fc9fc,바주카
af02d105d63389fe9cf6e0e0dbdfdf3a1faab454bd65896a8c98a739e4d7a2f2,버닝
e3751432462a85280d9826390237f578d6dbdf41434f244edc8de97e19415469,배리
c651165b044a696d9c49a6b2ba24b847a764edd933b6f10f345f3602518e3bcc,발칸
4ec899474f9f115e5569f68998d207d1244e11e55739a41b99730a835d6f0468,발칸팔랑크스
34b2a87269e18b2a05d4e2a049807a366e03b65ad43f4a2e7bcb1f8b8041c2cd,발칸포드
1a97afe728a70eb1fbb6b998726d93793acee4d14bb3618c1c3473942cec0217,바롬
78aa33fe68a8906b0a6dfb0de6759f7c6ef2ee8443ea9cf7ff6db21dd32d61ff,파올로
39e9a4041e164bb05818216131f6a888ed8d3bb0cc2b9dc3afc30cc8e6dd56a9,파올로･카시어스
4bb0cf2126ba04901ce0205ad62c236f9d2fb62f47435e8179d16c189149e031,퍼블릭
b12124f0e22bf2c75f5f57c1f402af1a1046be7afba747c8dff1b10ff84c9d4f,파푸아
b145f66996aadbc9bb16fd86c75ccf800ca7b9c261691da4804b11c82eb0f541,팝티머스･시로코
40dd56f87ea73ea78a7411c126daa9d2253458b3f8e630ac4f0a999ad348b3e8,파라스아테네
0ba4f14cd995446240828c04d3b4f6af0ff2680875ea6c45b3cc20f5aa8741cf,파라스아테네[F]
443f255dc0dbede5ef1ab85da3e6f1c5fdd2ba089e64fe1b1ea02ecde64fad9b,펄스레이저
f0bd8a6bfea7d90b4a214d17e58b70382cd9a5e15f618c326d3fb9cd5d932b93,파워드･짐
03a16c86876b12d6fceddb71fdb3338fc614cb09e8c3c10dc37af2c8de73640d,펀치
fa6cced9e21fff26602db57e29d39d3b9e63b95f8e476a6dde38e72d34f39da5,팬저파스트
51e32e41374d4b077bd879f16fb5e41593a56e453fd7838f0245fe27ba6fd031,팜파
f31a14beed7c9500620c7f72f07f6f4e5ec02b280dee65a549fe75ce3d2c50a8,팜파･리다
9293632671315414a23e8fc7e0626a21de7f1c75682df84d1d8b4edcf8c7e103,히트사벨
8af3d412009ac4b38866f483eaabd8e1a3b11807d0b03c1e4e5ce86e4a977609,히트소드
de51df17c599b144648b0d66981f4158df3a51b9aeeb9dce4a14e24d1648a8e3,히트호크
d7983dffbfb6190851cd3731b5186760d50f4bc336ef4b9262699c1c938fefd0,히트랜스
31a773e16ffaf8188830488d66ec79de529d3e576eb55a4d58991ea325be9c44,히트로드
c0337af35331c1f57cb42ce652087b0b377d6d016376066c050767d13bab6225,힐돌프[탱크형]
ec4e4ea1679d80a603a733da30edaefc5c9b3fa4650650632319e8abf0074adc,힐돌프[모빌형태]
566d1b0363f7c6b5dcc585d5ea61d33c9bb14f882e7f865dd344d2ddc8602fbc,힐돌프･MT
92441dca034075e8fd968cffb662006ca8351f8b1e44c65c69fba4e7e9df914d,힐돌프･T
2422f7cd7c70420646946928d7b52164a507e4d1fe37c6d7c6166a51cdf1c0cc,빅건
929c740215ee7127460d12f0ae2ff2273c6793579fa6f266d0e8b0d1b04bcd42,빅트레이
740289b7b3f3a32ac90901b15c9066ccbc0f1303f5c31ece68f4cc5141ca1420,비트
a44114ed9d08e5091b9b813ffd490f6dc5c18ffa216fbb05bcb4ab53e30f4fdf,비챠
b0963b461e6498e91eefd5b7ab60fd9504a04782cc54aefcb1456c59066fe1b4,비챠･올레그
f1dc7e7910f52a71269ed12f74ac79810d6850c7fd3456d5a77a58264f9c020e,빔S라이플
795357a2db9c37dc6a5f6e413629063ae5f4fc7d2f177e629ad92ac78e817688,빔캐논
5f568f57d37f9c56111c505b077fb4e7828a097b6dea84e171c007815ed06212,빔개틀링
e30ed06e665f5a58c1bacc695e464b5e59aca1c69502c18a7fdb2244a1f64b0d,빔건
89aa90e951d00a3fd6fc8c47ce2cf13c5e522d4fd7415f8614628bfefd6a6edb,빔캐논
ecb6d3951fb308393bab049e0ac0a331d7720bee128c7d7b13bb469275994711,빔사벨
301fdf291b483c34c41ecf040acd414f85e347ab071685616138652b18533a0b,빔스피어
298dc6e3ff89047b2f701ba9883590673420e8cb52736493f10d455c31936e09,빔스프레이건
4547de2c4d83364e06fbc22b527d68a0c1db75e252edc3a2a0c883e6bbae67b4,빔스마트건
635ce94c941e5d580df78a048b7ca5a7e0cd1a37cb0f11872b676e339568eba1,빔소드
3a85c27b4587bb11b7a4fc38c68e4fafbbcc2b7e69a39910a41ad9e73e8ed22f,빔소드액스
24ce5f8528a4a8be70a215a261352fab476742edf0cc00226ceb478d7e1fe63e,빔대거
469aeea401803ca4261c759b5f2ee9c3822bcc05e3e54d624fd6b25e3fdd78c9,빔토마호크
8d80e93676c35fd8f88505f60fa46f6e9f8d33c74e52f084ac8b6afe845e2f7d,빔나기나타
8de9dc2fec94024ff5c6d43743879c97a6d69af3f862af0eeefea485c0fdddbb,빔바주카
90a82086bbca45b15772b9073d48d0302cbdeb333344bd9d8e6d554eab829dae,빔픽
078088e2f6a63f35bd00e9c847ee1e06c4767cf19ac1b891bd82e6f81e706f30,빔피스톨
9ccc15db453b5b94e158ddfabdd98dfadae072fb196ccb2535108ede356adc5a,빔포
9ed61598e148819986f7fd9cd864a0f9375e4a9bddd5ef711bc00506eefe5053,빔포실드
46ecaa4bfa09bc244a9cd38bd67e6541e3c100deefa2077f37a4bdfcb67507f4,빔머신건
87f2f032961b53ea5d94c6ac45d25636da90e24aef85b0ef5500b88933491df5,빔라이플
dadbc775a664b4312cc130106bbfbc1b3d45098d956289bf72765f1da0dd75fd,빔랜스
01be4cab723df452d22c3c24d3ddd38b1fdbe9894f052a72b03ab8c68f27d8d9,빔런처
36fafac0bbbc95632b9923985243fd42660e1bb9cecb35dbc7ccbd560186bbd5,비안
10ddc3d3be67e29aa505f6e0000e86a34857418bd8cea4b183039b14b1c823e2,빅잠
274b4f875737cc683c5100f3a8a53808862ff9e473f055f40bc081842a2d6db0,빅잠/ZV
4c8745e0bc15ed74dfb06487648df3b2823d6d9952a3c2c0c4fee6d3be89e8c9,빅잠[자비･커스텀]
cb1603daf73cbe36614eaa52d3c35e016dd66f1e226d55c1a4c8f32b830dbfe5,빅랭
ddac17040629134fcd9b0941f8ed915348f661f74329f4b747f6155e27854d9f,빅랭/개발
feb11196b55d6e499a3853590e93f7ea1a071e16ed98c18bd8831ba33cc222e2,빅로
86292f80cac557c3a7d9230fc60aa773ba51a2dcce799037b5a69374a6bc67e9,빌리･그라돌
002936ce95cbb035eb2c965b93e719a67d11e572673eede84e03bd6fa7155b58,화
c678354b34116b5072c2bb902b25bbbb8ab35eec04802915d67461e6762d85ae,화･유이리
f93a8a62b974c451c25da02fe92a524d6f5150fa7d7710aebca8f521087c5489,팻엉클
98fbb2386930910910e41009a8b8e72f4bfe9a4e470635592a88939d6144b696,팔멜
8dff8ea043ee8e43a7a07d1555593ceb828cebef9132ff25b3bd58660c4ce3b2,팔멜[-]
e79b19387fd24f98d475975d27c51bb8eda74688987756e7597129765f71750f,팔멜[코]
7cc2ff91966bec85e0455f2f7d37ae8483e1075a219ac06407ed45d031b59c4b,팔멜[코무사이분리]
dcac2d99ff7bee6a4a467f8fe9796ed737a6d7e4c33979cc8776617e9b07bba9,판넬
a797ce7140e1bf72d76c5f172cbc568d8379c065aef3c0c5218036cb9318fb9e,판넬미사일
0195de5cca45e8dc415fe2273654d40c58c3ed1df5b8f835987ec666894f167c,판판
7b43559fc3147358ac4b6b7ffdc33fc21684d1002cede800bb6cbcadc8d92912,피쉬아이
4164570e206c12c9be35bfdd78e4b19caa8c2786a507b64a6db5622d8a27bf1d,필립
c16d03971e6caaad157d366c8f92d5fe4ee361eeee5be3c03081635f8aee5825,필립･휴즈
f796968012f2cab57f3ac89f670adc98493d7e293da276ad3c427c399bbef527,핑거런처
3e591952a164acaadfcce45d90a0b9e1e469883ff5a95ea58d3afecc74be8ea2,핀판넬
9640397d1c369fe22fe1a8d343f78027552dc615e977d6e6fa896ba4d4fafda9,피다인라이플
c99c3fddc2d43fcd9c8e9ea61186660763bb51fd2d98d3ae75a89a37f7a18f9a,페데리코
771b61246ae5d2be32b691465ed14dae1b6a5a9e13fc3560984efc78b935a47b,페데리코･찰리아노
526a89d6d2b8e78cf16a07e258393ba17e193fc1b46ab5bc28dbc0711cef7804,포
be713e1814bae500aef82c5e98b9a6be4f0effec983e7ce935d06bc5f976aeec,포･무라사메
fd842186409d2e45465fda0dfb532de64e4b05037218d294f338f8bfe1a4f73b,포논메자
fce4119de2368915b16326309035d12d3d8d274e98ca0a6a8ce32d694d97ba99,폰브라운
aa2b05685c574714729089f4423ad7b4df2d3f9d791d834c415df4742d3bc2ec,폰･헬싱
e925e5ecdb76a4dd84d355eee50c83267bec57b8b1535248ca4410c3fba006a5,폰브라운
19ad37f6ced0a823f42eb62299f38b9cdfb4ebde18af4c608ef8351e747081e1,부포
7d7af7740a2cfa072bd854edfcd2f8696af5f4231dd114de7cab7d1381bfd6c9,입원중
1aedb3209f36510c218ba8b80f2d3d8d34571b67616656c832a3b05514759bfe,플라이만타
54ccfd5f06a80b7627f598e8032063f4219d69bcbd386dea0690285df91a66a8,프라우
aa9ab11e38ab926548628947ded499bcb571ae0e78fbb796da865b7cd2849930,프라우･보우
5fa13720515a914a70b82ce207026656f37a61e2b1f68f6622d55d6b4ef79c68,프라나간･븐
52d5368fe25e47229550b0990ce9ba61eed6f9d7b493be6e07dc63395200c549,프랭클린
3440ad6e70d9e103c6d49f92797de944acc76eac21815107024f9ea634778112,프랭클린･비단
2e7e3d31ef8b1afb7399d5cb3e7dc3ef479a5e5294ebe564d0a1c59df2f9d11a,풀아머ZZ
71889dfa0f054bc5ed1a74903a7e55bf1beaa32b04fb4a5acc3c8eda9f0bbc2b,풀아머건담
514e796e623acbd31d2fade286c4e28454e1ed834e9fc3860ca29b9d11306148,풀아머건담Mk-Ⅱ
0a3342989478ac324701ed798969eb0818bead05f4c82209cd47ac0e697eb194,풀아머건담Mk-Ⅲ
2a95645dd89ee3843b9e045bca0fa5ca20c6fac383e0083bbf15274b229759be,플렉시블암
d0b8a463c09cef85f283178d90d09c64fa4f7c860a4e5e609d80b58ecc006354,부메랑미사일
de17deacbec0e165ddd94a885ea40b845fb90b933b60e2947097dcd55b1ba1a8,븐
65dd3440f68f50b808915b68df89b80376be72ac56dd0dde6d660b3e4ac8497d,무장변경가능
61247578b98459f34d49cbdff9affa47f2aef2e1668fbab25c915209f52929dd,브라이트
790cf44a50e22e5e28f993affc224944284f422d5bc861bc613fb4e88c0974ce,브라이트･노아
0d4aabe96e069f3ebfbfbbc7f75250275635e62ce2f4b39daa1cfbf688611b43,브라우 브로
416fa6cd24fcd5fd8e6fa5e99fd90fa1fc717ae663014c8042ffff00502de957,브란
81bde5a5cf9a839f0bee383e4a7005a48a0f2f861ccd9c9dde75a85b1bebd131,브란･부르타크
41c01ef548d5d540c5d756d8ae3409e7fbde7cdbdf29666d8237af06bb81cbc0,블루데스티니･1호기
61162ffe3d93a6dd2c3e5552e4fdf01e7e409ab816a905d53da739ce3c4a916a,블루데스티니･2호기
9ac428b8c9bd5616ca1d9ffbae23419f9093b7a17c002bd10820e82dae93cc09,블루데스티니･3호기
b6daa4eb6a0bc37829a7e06591defb70c2503ca6724f68b1076e9795612642a8,블렉스
3e1f30ab84df1dc0f356d4fe8085fe355c6d9c5840ab6b483e61ded1845679b6,블렉스･포러
5ccc7f6dcca5123dcf67f78978c7afc4786d645642aa0dce1c4fefaa369ab803,분리가능
3b7d972150a89668ccde685a8ace7f577cf8e941a27066cb8563d8ac9e4582bd,플라즈마리더
cf0cba6924602d620713b065af38138c5383b8a57035b71f604b8f1666dd2f45,플
2bfa5334a27edee7a467772aeb0c5c9928c74a7c0108d5db02904fc9cd0b8d71,플클론1
da2b266abccda55e580ef3b09534fa00605ecce5204aee8b3ed1b2513fcd1bdb,플클론2
542069a20275c083ea2f5cf268da9a14ce5b71a5f0a040a9b9bb0a7615fd78c8,플클론3
7b45232fe5c6adc43f2bd067080ca65c4b422c1f87da67664bb356a04ea8cac4,플클론4
44c5901ae9dcc578d9590c4525cc175ddb7b05357bf19465124e961c135b1d04,플클론5
4397798a0b09556b04cb25bbd3fd4428d3142073063678f0ab291cddd24d6edf,플투
418f43d80379fca78962d316824c7fe0ad1fb6786c4fe3af4c57b83886a5af4f,프로토･제로
00f8f2485159b385187ed4076e8cfe5c3afc3c4f50746da8cd530a87255f6b12,프로토･제로[제로･무라사메]
c79182878a1117c147ce879bdb81f65ad934ea815fd2aaa2724764257f5fd0db,프로토건담
26cc55e737b6429d473fa071d329573090636fd20eb6a21cd2964c2ffa8d2bd9,프로토타입･건담Mk-Ⅱ
5e74ddd942c1ee60e5b57bc18a895ce0099d3081fe4760105d06f9fc86049508,프로토타입건담
077e385a84ae38c8fa97d55616e6ea6d2a59444ffa3ee6ae707cf0f1526b4bb8,프로토타입구프
8b38cae356c292b3e8491946237ae414171b8225b969d9fa00226365f6025827,프로토타입돔
109aa904470fd18713c9838a2899cb848622e05e232837283d1712b746148e11,평지
d7421305291b477c0b5f44762cd943911219a334129a198613173635469608b4,헤비건담
5945fadac9f038e7b4a22ed25e5b3448008e2e915255aec634837e94fc64e9d4,헬싱
c7adeb31c4b8f2a4efa8bdff26d90460b3e521c026521a9abc421abc16e7bc0b,헤르베르트･폰･카스펜
3961fa771ee9975db2be09375c33f208e1ccd8e3e7a4a91f9f311722c38af682,변형가능
1909e4be1bd6c82a2681af3a953aede131483a4f8bbac92d9869080c7e97a8ec,헨켄
f0f4a9b0ac92a5ac35d5caa53f68af6db9c2e1da3b620e451746db58dcacd6c7,헨켄･베케너
d9230511e6da74d6e9dcae5ba5af2ad48f32b4d534d75243867b73fe9260ff78,베이트
23baff0ba1dc0c9d2154ea382e75e294dec3bf672614b83f0d9e4e3a3232bd16,벨토치카
8d3ff9f3a7fda1240ec08c6000cfb5eb4d96ace9a921a07fb889458d867d6e41,벨토치카･이루마
05c7fae0b48a7093c02fb4427437a563c719fac4fb7fb64b0cd0084f3ab1141c,베르나르드･몬시아
adb5a430e2e8d8d2664534ac6d42c9bfbe8de2ddbaf223bba09b3e4ba3f03ae1,벨파스트
17d165b17e12742a4d00fc0524a5fe5da1960bfb8f54ede16e950ae0a9d8578c,벤･우더
f740fe5730f12f14fa8ae7acb7040343c414453369c34a6d6bcfa2146303cc88,페넬로페
487db7f9fa1a3cf711b3ca084cb66b60b2af613681ab88a296583b59351093e9,"페넬로페""+f"""
3f20298ffa27c4eb2cf6d04509d6af0efbee8b03a5b65eed71b778454add9591,페넬로페[비행중]
c1389166dab154b57dfa07bb9c69377c422a19e18d5ed2024c7b070d4b364691,페가수스
e089e3c403db0d18b49181ff976d6cae61b24f6b92b0f3f063ed21c6c7022717,페가수스/개수형･개발
62878dfecd6acdcc34fdd90c45139ee7c134f632853af66928fbfe7dea7023d8,페가수스/고성능화
68c498ec6b821e17db0376566af07edec06df648424b08962950b4cbf9dede02,페가수스/탑재력･강화
250bbc277bf957e35ced67f9bf9e8a849f05aaa5623a0593533c0809296740c2,베이징
5d774dcf1308302f39ee1aeae402138e0dab9ab68723ebff22026d75e9599828,페즌드왓지
e68f5170e0553e139c9fab96eb438843ee64f6bddd72eea534689a2d70e9e9cc,포격가능
8b3e3519adde5c059eb12e66483e053d49f97a7b55bd5e6d6f3f0daf3e74eba7,보급가능
48394e02c12813d4cb3e16d0439a26d654f1b003c46e7df5654627f9a4a390be,보급함/개발
f525e0b62580c64ee7e8722f3f46d7ecb96543378c840f37c8695d26dc5823a1,호버트럭
e5e145790d9dd9c958619d0103bccf406129de3524257e931d2dc635a5b2c0e8,홀바인
d1d8aae9ac0a01fafa2a2eac19a1f5cc07f8684f6c0ad92bcdd20f7c51e338f1,화이트베이스
4758497d888b5bc9dd4de9952f52f7d098f74c76604fb16333a07b4f80c32835,밥미사일
da4ac6fac5190e31b304dbfb70ce8d6283e7c3f259ec479f45ef5ab8404ce200,볼
ebc5747757d75fffc75a41145fc5e11978c532e29dfc741ac7af0aa607fd9de9,볼･P타입
dd95c73aa77ed58fe502dbaa27a5ef48abccc08ed4645679019381abbf60f62a,본･압스트
73b2d2ec0e7e8fd5ebe996763340f91f77448d6370c7066bb93851b2d0590c41,보리노크･사만
9bdff6c14fe9030fe66e4ef1b02ec934aec09bf6c181e0d19c41b64d65b5589c,보리노크･사만[F]
fa863dc60ee24b242658fff33025f1841a89c6f10f5583610b7f271cea2fc715,마쿠베
e91b98318ab56a4ca82518a37280a73976e77c806f35b0c02a961531009cd1a4,맛슈
5ccdd715aade0798d31bc75f122264a3ffff6e713254e243432629335cf910b1,매트･힐리
2c0cd3b32c04c816e7ce23fea67089f76be3730e00163c29bb4ac33dd32a7fe7,매드앵글러
2d2f6b0ce93f10fc2f65330228a7e0b33f8ce0753b45d7e4ecdba39def106c41,마이크
9c2cee253101494ecc4214fd62f2beb30d28bd99d6ba6bcac13eca7ba5030b7a,마우아
9c68221a974256cd2967c8833790aa661c733678335a562f51a60e77ba514194,마우아･파라오
173e63a8d12b76d0ce943ee76731b6f19503b8c1da62dfc041856cff884601cd,맥시밀리언･버거
1987136023bd237896caeb44653b55e8fa0b841e2cf626bff8926d94f666b881,마그넷코팅･강화
64770fee0956b25ea4683e354ea9500d9ad38a346e4aceed8ce96e5b8b611df5,마사드
9fb425b857832f1970915d5f56d645eeeb1d7d3c65c3bff01ac72c300889e454,마슈마
416f0737d5e5ab2a6bc0db10a2b77d7b02676e725e979c632123422331165bb3,마슈마･세로
cc229b746d99b1bde2b933ebf5cb717a0f9a7e7c0dda1db5755bf760042d15ef,마슈마･세로[강화]
20cd93a728ed3afdcdccb8c2dbf53ff7dfccf13944e1549bc2700406cdd47809,머신건
efe6f5c7ca53b1829d468577fc0695bd3fd19633aea2262205859e9b0c160785,마스터P레이어
ec57f25a946dae2b6534a421818994b830903069a59448f99effb9bfdeb64d06,마젤라어택
4d996db6f7c19b0ebae79306183cf5622c5802fef92376b0df899e63408a6519,마젤라톱
7dac71989221fd845d1ddb093294a551d2abd625e01f985f01600c5383a5be54,마젤란탑포
04f412e5fae38259c52b21f88bfb5c844042bfff0b018eae5298f0713c5ece87,마젤라베이스
d648fe05ac5d334f7dfbb472f85131ba9fc91a9060dae136ddfaa28494ec197d,마젤란
36b455444b26d9a96430be8ba39239a920991c9adb33ecebdafe055fcc7ec4b8,마젤란/MS탑재형･개발
aa1dbd9147d99a25b7dfe7d70ef9dff21b1001103f66d5a92bd3c0ded3ca1142,마젤란/개수형･개발
16f60bc626ac3242841be5b3d7b6b45bcf50e8ab7c504190dad7f5823c385a5f,마젤란K
5bac78fb35ba198091f48b86492061c097dda7d5b287a184dc4379226433031f,마젤란[후기생산형]
3d7c8fb2c2936aa517732c2c107dbf740d8ed5d40311bb1dfc1c13edec862ce7,마젤란改
31437f7a2000267659713c87c182658c635d141d514cc108b5d6bbe43a223861,마틸다
d3cca4dae842509a9c32a288a72114221810b710a60d09315ff4cbc2b1a8d321,마틸다･아잔
45faee6aca2f10d5d63fedbfb2b28d17733c39b9681eb06ef1791f82cf5435a9,마트쉬
11d4f758e5aad722c5810cf7d8402ede816ed82f46f7ab0ac5ce73d905e67bee,마드라스
a84ca25afd4f89f9afa67b030016e5bac862bb77ebfcada73a82521bc1da6d45,마니티
b2322944383ee8963f04df3fcd7953b3f06a5694941bb571dd474e3a2104eaa6,마프티
dde1578cbbbcad3ffc6fed907512391893fd40ac829c0b8fa8f9278833a68143,마프티･나비유･에린
40ca85845e09a6417ac5fdcfe3f26d1458a3c5bda392abe2de5996b1b5b01e15,마라사이
ed093d498640a4db03ae9aa6731a22a5c6a332a52e699b84442a5c639833a69c,마라사이[F]
f409bef5d3e057e47401dea9c44c40e343770cce618ea9248f1d7afb31ef75a3,마리온
c40b3cba9a464dfc9318f4ae65d7a0135d2d31ca5ede591ae4340c3cbe2b36e0,마리온･웰치
cdf8066637dcf29be5f063ab5f1599e5475d94a355db2a89585b4229281537fd,마리간
fb385bc91e1472dd6b3111f8bdc201deb1e6d366338f235e5e86c64bd5864284,미샤
90ceb6ecaa9bd589de6bd3914d93b48dea94eaca609d7b43a325b6be6c687eb0,미켈
4da4e0973a44b3d574be105ad0e4db30df4f1e960cfa8e327312706faa80f288,미켈･니노리치
ae23969cc1cd4912fcd8af894f2108aba43e03b07815849dd7af03113585c260,미사일
92371bc7c98b83bd73a6c2d9428b038bfffd3e21d47a802c09c7a1197992df74,미사일호버크래프트/개발
8bf21b78eb9b5cad295ceb0a0903600a1376ed4d8e87df291a0e6131e09b79aa,미사일포드
dfb32618da1aee7f5f92557c24bc66e57e758fc593a515b98320c1f7da286de9,미사일런처
9e2520b3697a9481f28ae342345c90fea2babaf901675db099d2d384b365d0ea,호수
54a542cc96e7043473dbe3966cb18e07298bce4746bbfe94427ec95e2d2c313d,미설정
6b903cb48ebe34a520eca2e7b2311636326f5e7ad237870476a558a8ca0f8290,밀림
6c505f647a92643155209fd34b270090eb5f46cf271605948a4e4b99f40fc699,미데아
f9d6727a28c9b71db4999d80d98bfa494932a3d4f79e75ef36f94aa207a00347,미데아/개수형･개발
839bbef38f72797660ce1f442a5af5dfddc40d9e214ff974c889e82d7deb84ea,미데아改
b7f1189f7cae5b513c80cb633392ca483492bc5cd9d1d635d06e24062374b64d,미배속
686dc1672e11ac1de4e6829fa094692a371ffdd7f1978404297d84634e5538bd,미하일･카민스키
a3e01644d72af3d78a07194110e04b2962a8ec732297b65c05f4a5e4cfb1c1fd,미라이
36e9bb5e95d2b8ff0d253d9f63bb63f5cf946a93ac76c42e52bf176f79f0e989,미라이･야시마
ae933e0576ed79d514978901f610068ed77d3a58ed5990bada62b3d156acdec9,미리
eff998d7659922594a73fbe001dc0cb6756c2a692f8f15a0d4e059db0ac5a305,미리･칠더
641f10bfdd8926d16f89a19a80744fe5bd98520fcdb5e358e12bf646a97e0da3,무사이
186360f045bd5b4d6e6fed7a47a9ca4170eb1434696cf215144eecdc29d3c8cc,무사이/개수형･개발
c438a2ca75c24cf0001fd05726af83ce097cc9f817009a829a91a857b8dc2561,무사이/고성능화
e37a1c93495daae870854d9df1cd573e9055fabc32b8828da5a1a80028768f6c,무사이/탑재력･강화
da83e1d952d5d481088e3d7f566733c21103f56d9acbe7323e8cd8197a7bf2ec,무사이K[-]
164936ad5ca04979a235c30073b35705b266fd2bf016c23daa74bf43d9652374,무사이K[코]
cc3034fd94a13d7c2e813cecc0df9582081adf705851e794482ef80d09a7d3f6,무사이S[-]
342490ff20a58860fa2d5281c1755baafc0258d87d389ae90b5c4b61b3e718e6,무사이S[코]
4041b1628b3c9afbc9e73af6b1e688b16b311539a000d58f9b81172d57e8e83f,무사이[-]
665efbdd7ccd25ece0673cd15afeb7415d4422f751eae1153206e258b1ce67c0,무사이[코]
c6f54e03fdd1db7f2c359a8c3ade62a114ac60a5e1e2182cb56ee0cb9ad95045,무사이[코무사이분리]
0e0bd5ed7a1b3128a842b2d27c00ba3dacc9e3df8874b76392529b7001ddc510,무사이･후기형
154f55b25526b67dc691daf1ffab0acdae1338634d34c8553795436a64070e5e,무사이･후기형[코무사이분리]
e45e80b7113fa3d1e1837c225d1244214cd4e73fc5c1664987b279fa2cebeb7d,무사이･최종형
ac724f0f61fcd8113adf8479a7d1600e93bf581d942ccf2d4ad5184bc8e197de,무사이･최종형[분리]
b03cb6492f2e92fa0602c995005474dae73697455ca409696efe9af4bc08abe5,멧사
7390795bd90e59ffdde262212d68d334068e4fd2e8e55bbde5f666a82ce45587,멧사[F]
66e3a20993df6d219f213d99437dca2f2b02fea8a94af7acf5eed2d27dbd3af3,멧사라
52b99f5d471dd8fa23f45e2e33556522993b14f1b4b7e71037e3e5505f494163,멧사라[MA]
0969e3d4d2cb9a9420e5a1fee208a3e6f97e788d41ef947c3adad1576571465d,멧사라･MA
425ee9460e8e2cbf3921942749c4d2089fb4dad952244959a581a01674661fa3,메챠
b49cc2b54044770e995c7f1f639999d21a9d4a17b739b40bc472701ff494cd66,메챠･무차
a7284396f837a72add7d9591cda911417b6f4752709f2a026e7d6deb6f23da5c,메가･라이더
c4c4522e6f35f5ddcac06e3c44a3655c9b0e5d7f2c56d2fc4854a07694159761,메가･라이더[건담Mk-Ⅱ]
491a9c2e5b828995e39c578dd43dd79348cb403ef46128058c523307ebe2f041,메가캐논
0832029f6addcfc4cef70d63b234b7469a4c89e1e21f1ae81c1e3eb67fba5334,메가개틀링건
f40179c8fbdb16ea68cae50839a87c5f3ba26a9b584c7c177eb795c1fcef9d3e,메가빔건
5b9eb60ddc38d4fee4ec57b8047ac20cc3af00353a67aff2183b9d715c8b2e2a,메가빔실드
d756820db6c64f9d4f5eabe40bf0880ed2155ef74494d11bada0a3620bebfb23,메가빔포
0fbda59228ac83b8f6ec28a02501e22fea58f3449f503e014f606398c2a4935a,메가빔라이플
96f20e1394e66d1181cd3aac7d92ac181e8e55143315db136e13b0f70780198c,메가런처
eefe6837692d312f74b20ca8799fcd95d7b4ee48e2909e63f083f89788322c7d,메가입자포
4b109aa2d60e1a850dc842c685b2d3b44bc1f48d1e094ec6a36cf42efd96f2c0,메가입자포L
2ba6f70593b0002c63358e4625fc08b3e8e55ddf7ef244f9929df9185c0b3d20,메가입자포R
456d9cd2371b2745e3f7e6e64d0390f3b4c49fe968875d9672bb8580df51436e,멕시코
8cf30df158c5453ffc9e51e634058358c428f3e5fef4c61cf9dffb636b95f0b5,메즌
5c857b5eeb6bfb19338c9f4579e5d5e9eeeee0fd7d2ad2c96da6572ef04290c8,메즌･멕스
af8fe5d28872208aadf0b26ac3467f5907c28d26cdbc9e5685f213bcf0458943,메타스
741e2d36c7319120af8c9b2d89a9bbaaf8ccd33cb0ccd2321fa605ee55182fc4,메타스[MA]
8d71c6e0b380df140b459246f3ad567ec89fed73302b8f1cde6efa20e0b39f49,메타스改
6241d5c1df30d35544abc3c74209c1172f251f347f5b9ea9dbb61694a0953740,메타스改[MA]
27614f28fa96f53d3780ea55b448c1b57bb17d0141265e788c621fbf87916507,메타스改･MA
0d1b516eea95c4d256fd5126eae9ad2237a23581a15e0c90bbbd5ae77bfee415,메타스･MA
b5a24615dcc931e6fc7c3fadd402741f868bebc9d8d230aac1109f9816f19025,모니크
25ecedf03a01da2ebde6278994e31397e691f9fe6397fdd423ce26be645b21bf,모니크･캐딜락
4a9652a8bd9d5b52105b0b8b1768360d27508e38e565eea1349ee7015838bdbb,모빌탱크･개발
731bd42e15e9d2e0ec0b159f4baae60a555c5e36e25f0061401273d38126394d,몬시아
b47775891d0560d076347bdd39eb831f0b9f2d5148197933708681f8b78e3e3b,몬도
e5fec39143f0cb714152d4359b163f8fdc5c9d6d8833d018fee4efeb499db3ec,몬도･아가케
a40fc3495eb4dd7f85764ca9a45a6b5189464be414463f20c64420009a2327b1,약트･도가
4c514e6ab9d9723d56300cf85e1fb252ef87b9403bfb37db1bea318da4d4781b,약트･도가[F]
934a9882226048b61ec30a2a35bd7768a9ecb295f6e87499896d88a25331a826,약트･도가[G.G/F]
71a3e1b7a696185b9c4ed72bf79e742251e02309c047cbe70b14b5e43ef4b330,약트･도가[G.G]
e9ed987209e6b8916fe0b35a5cd4c53a0643c65c1320af85bcbaa1780fd799aa,야잔
e323bd6e809b32a3d2881cf539f89752bfbf2f82ed85c16c6a5c7f494915334a,야잔･게이블
fcb47ba989bf3f016f42df0e699a2a44582c99bf9d3b00e12d53aa1cd41e0da7,유콘
f0eb62464e9914c32b6d95bd40f5ad8e2cbbf44fcb77d525d83cf85f9cb3bf95,유리
931a7192859fe17b03cbba94de281c24f26fa79bc7dd2192b6fe1f6e21dbae1c,유리･케라네
fbc77054715547b0fa34a0bd20746a04aa15b1ba80087bb0b962c1a68213121b,유리･허슬러
87eaac2ecaa6253769df951f64dc4c1aaf8848fb6ed111efc4c22b1ba0759d58,유우
b83f406dcb70b54cb96cf581f9ade97cc08b058e407a79ea27b3d7e1cf9abfd9,유우･카지마
50a675c943da46e3bf82b435fcadda27e451f52c3bc821d6ec128097d1b7527a,유우전 빔포
13910920c4d6b007bfd79c65e394c00b028907e65ddd2bd5db551ce0e0d2aece,유우전빔포
4cd998ede564fc64c2e98e8e2fe6a4b5e312a163d9de807f55142fe229867f48,행방불명
8c07661b5a740cf37f92648c664c1c37253b8f13d4f97d5b328f21dbb16df557,유송함/개발
6a8b238475942bc1a420b3734df12bab6d094265c1a7f1429d8f401490672350,유송함/개량
8931e2456268be5d40b6f5d8fa67d296ca347c86b3cc24422f8e0e6da5b45523,유송기/개발
e4acee1750880218d7c2b2af7cea3f7eefead3a5571c394e09332f4223c47507,요툰헤임
facc2e88a313a725108cff329246e441c83ea03e4fd66793f9e2b4f7682c39e7,유럽-1
898cf002ed6c0fe969f86498a182641f7a2c84ad3ba26d053804e1e0df287a41,유럽-2
4d3ced76b125f496801c262a7468bbc7ccae0dff96abeef047ca7349e6266751,유럽-3
a48aa459a604bb468cd9c59d982563a9f767c0ebd6d4c6ce6028583091e9cbf9,라카이람
ea4c58058db1f4afc73430945871d55ae813771db6b04abca410e9538f84766a,라디쉬
a0387c6ebfae7963bc937a9febb279b9dc1635c3d9c583abd14ce94f01d004bb,라이노사라스
74cd0b1a1a9a6defa9ab5be613b3bc9f3fd4e7db0beab30f6aff57657bfbaafb,라이플 포
3b576b8c190d824b2f99071d3d2defd952bb316655613e56c592a77182c034ad,라이어
ce05d3959c4254ba5403db63dfefa32707d167bc11e0feccfd77ae5285f92f0e,라이라
3f4e23f6065413e4282d2b0082ccd09bef1ead45d543211acad7c567078f1b26,라이라 미라 라이라
d6bdb1f7f3ef72c9ca33ab7a2c4f18710093b60e54bfdb45232b1ea03baade14,라이라 미라 라이라[Z]
440da550950110178b4e86ee5ced8f9fcf4bdce6f3f56e5a762cc9836332d14f,라일
7e14030770c1d345e22c52338181622bd2121303553a6a75305857daec13603f,라칸
744b11a8462ac1a51788c6f340ca85772947516e2bd99c53a5ce16b8c393b6d0,라칸･다카란
4083689d5e1aee52e9fab7d3219d532c0d3a56b5de2452db74770279adad7841,로켓바주카
67dd87c51a25e31f771ee4844de655c590e3ab2e07fbb8974bd3f176c9c38ba9,라코크
afde3ba9bdbd49296704b94eaa6d08d7ee95fe3af8a6b68c667cb729f78a3697,라반･커크스
7ae49d970ef18745d90eebaf8fb7b79f7aef2480e002a5f5a580c1bdc7b1997d,라비앙로즈
5cb9d15b75f7a69827df87a42ac877a7b0a23fa770f9d1f803ca25c4bcb69ca1,람사스
4e7c34121bdcf7cc1eb03dd39efe5c5624d9b4acf4056c3af292b75d23ce43d7,람사스･하사
3b2186b677413e8aecfb21296ec087ce38cf72a6c9c757b47c1fa961d8956293,라라아
99322add7d71a6c9539f5ab5fb42340934197e759162fa5dc583a8f60133c870,라라아･슨
49b02c3fbbad1ac477b700e353bcb1bfb14b4e23ec16506c353229236701661a,랜스
c5f04d4e442e56911f85d86ac2da675f5bb38abc81580b24afbae98f505447ea,랜스･기렌
b45ba5020e99c459cfcfb392cf5e6b831d83b828ab85f3f8fd376fdc29a6163e,람바･랄
92c4525879edb3cde6584d6dee03a4e9aa674ecb90efe615b1a4f1805b9d30aa,리가즈이
01c1dad103e63516b4ae3a35a2d6243759e4eb706fda8687866ba7fa6829a9e1,리가즈이[BWS장비]
7fccde7bb9e5af58e2753f34b64ff10a0513aaeffad366fb693f7fe2f07f196f,류
06ca158a2af1b95c6825fe9f949e729c6b842a549af29984f7ece45211b3c057,류･호세이
15e8b082ba298312e48a3ffc69cf1d5917a33392d662ba95a583e83a925234eb,양산형･건탱크
f43dfc195524e9d1bade45692bbfe46ac66d1623f08012f11f67527dcfad4c37,양산형･큐베레이
d9114ec959e91430a456a8a7a6eab2e789bdc91dcfdc4633f62e2e6be1d0fca5,양산형･큐베레이[F]
73f07589332861cc87d709e754ab32c92a5813a804171df2d4b11abea4d70e6b,양산형･바우
7ff98d77dfba7305e550f368b4c1f48f08d71a698ca9f7e918a6cb9284a21aff,양산형･바우[MA]
7395d2028f25da8b611b5ab3c68c09f799afeac1e0a1f4582512b7ae75707f5f,양산형･바우[그레미/MA]
ff520cab1f0cb611ca058f4f024e9b2f479a5cc006fd50eaa2729f0d0896bfef,양산형･바우[그레미]
48e40c31197505ca2ec1dec0a6f69e9ef3e37b413bc6e4baa39c1bab4a16aed3,릭･디아스
d5212b4f9b48ca7ceb57612c81b3f54388f79236eeac53f3ba5fd8fa5b059872,릭･디아스[F]
32bbf8f76676bba9824654fe56aa8f71b5ad72108c29a8d21551af1ce49b7711,릭･디아스[Q.V/F]
e8c04706162e5eeba1d735143369111e391c9473210b6a8690b28e2332632624,릭･디아스[Q.V]
a9eb21b1103eca64dc5a518e9eb0d52ae0672dadad2a1bc4a69f74c4c30e9f78,릭･디아스[후기형/F]
c4d613c475a4c4ebacd78bd8ab49303b6ed4fb4615d42d991f34df69c194572a,릭･디아스[후기형]
e97c20e8cf94dcc57c532fb570b352042b6006804e7b24e427522fc7e4f9176d,릭･디아스改
3d2bf852c9279b5353c9bbe30266f644171aace30937ba6f1dcf79710bba124a,릭･디아스改[F]
fe45e1b69d45272919cd305ba7c8c2cbe5945ede6452cedd3ba3be1f2e7cdaac,릭돔
b8d91a9e83633e786616068db8f9c2eadc7fd10317ecb292f3bb2f59a6419ac5,릭돔[C.A]
3b2de5b7289cda5a53da8bea760a6ff478ab01b0b08194d908dd31de9d80d70c,릭돔[슈토차]
25b0d64024625dfd4cc85b6421ff1554c19a1fc6df860a43976045c1f1ca0b2e,릭돔Ⅱ[츠바이]
c4072baa1fb2182b7d0b15284c2ac02320e3c100f3a89db5f735671d284ef633,릭돔
3af72c32187ae5fc67ffd884ea5c64b76845253ca7c555eb4d1182e607c0bef9,릭돔/CA
0db687b5976e808140c67ce500580db7da9d9cb68d75bacfc871194b9d7fc388,릭돔Ⅱ
bfe6e079d848d1bcaa4311b852324949edc049240f01ab57f4c5ed402849998b,리드
306b8898a1fd5eaafb5c0efc0987ab355864978c5fda7db1e35d2e1579e83517,리가지
04b2001fd25598a8462406463730826c37e3c8c3af22180278819a1c085bc938,리가지･BW
8f9ed22b943312c4a4eb5bc0aa50ca6552a0f0c690478a63e540adb249730491,육백식改
9f966b6eae68a56095b3be913f905bf74ba91c2f588239d1917178b10130456f,육상전함/개발
20b42399a819efc9e3de3bb257c6c445bfda77d5b61afa15f4b7acdf9d3bed47,육전GM･A
87b19d54fa945d666d3657985b305d00825cdbfa5ceb02a061213f7674cb9659,육전GM･B
81eb055cc24d497f041f395582efe3fee25ede8f48cafaab2dc4639556f3352a,육전형건담[M런처]
de584f43fa68e479a9d8d4f6ce344ac2699eefb76af81f877cffa5005ca021d6,육전형건담[머신건]
ff441f4c8f5571bce8ea75bbf51c9d8be394ef6a392f560aae0092b14e056fc1,육전형건담[롱라이플]
294ce8033f63fa67523da3765232a013fba8aa336303be9c18255c49bcd31291,육전형짐[M런처]
8805081a1120317004c4d367967d23f5428c6ffec8000d957c9842acbbec0938,육전형짐[머신건]
760581f535e71700f0bce7d9cfb690642a11bb0518a85b43df19a1aab89a1616,육전정/개발
b28c4db4ce99e895f839fb6f7ca66927edffbfd18bbe296cd3c4600dd7c084a7,육전용백식改
d98c84ccff8af538b7fffed01761c121c84760b8b806c8fb4740e6afe375f941,육전용백식改[F]
f9426cb774be70e6e2177bb8d49f9959b9e0dd5156f59436fecf89571417afb6,육전용GM
9488b41b4ace19b6b3f44a5ba2ad6123cb736b805a67ff907876700a0495d274,리겔구
f47f77851a71f91894556e5a8ca0dc41c0f08ef7a9cec4c780e3649e3d30760e,리겔구[리파인･겔구그]
3fa70c7c8895056b89daa4b2cc063e33a5c365627ac96afe2231918e80b4f431,이탈가능
b27fe3a70114c3cb11b9e3cd5ddca19935e9a0bd3ed96be8e0afe297c14bd043,리플렉트 인컴
5505622e31bc2398bf1ca04ead2efdf6e7227c57c423074ad8dfd0df5e3d83ac,룩군
456aa46d66689b42fd39bc2658f29af95fd625d76d2c4055e8634b7f8d2394d2,루
0afb41153fabfb347e2fab3e02ae4c564196512395ef51ac1c03c71b6e5d4bf8,루･루카
0c2fc3e6b68b7b545a45d338ea37144e13842f735d9b7f5e1d1ddab9cfcadf8a,루나2
a940a9a758a7d2196fc85c44155186b772da03423a597b11122e3f37502fa818,루넨
5626e500688ad258231b37478abaf37a86c443b46a4ffcf52ee516d172bc9e3e,레이저토치
190947ba1dc97ca579941786b9dac7abbd5652d865154fda8299b69f818ff298,레이저빔
aade4a357cfb0f662891b4e8d2eed650af2220ea925f3c4f3d61c3a838c14bef,레이저포
fe201b878531fe2565af4d6fc8f44b8abd62a0fb8dc1819245ee49ec36de1b5a,레일캐논
293ae233071a54162f417bc9b4debfd1f62066e5333506c16161c98f206f6891,레인･에임
67f5e4708fbd066cb3955567f5c0b5f1d6eaa89775b52ed2f0c5d96e798925b9,레이어
511d56b96257cd4c1aa71c78d911375c43836c887cad0e9b678ba592204f72c0,레우루라
489f895395eb2e238a8924ff4a2db6b554f9d4a974eadbb3fe6f06c59f39d43f,레옹
8b788c6d8e96e74f8a3adbf1775809296141c7b1e814300be71af7e96ba80489,레옹･리페이
25282817f2fc63975253f28b170d12776e12628bc033ec50e936c1f9381d5631,레코아
6959970cf0b023f242e8df535be1c7b9ce7b0eede4fb0b824c49a681f532270d,레코아･론도
0b9213f312c439cfadf8ff0a7fab8478f970c5bfed77d7199f41fb15d75d860f,레즌
70eace53e03fc1d83d6908f0dc40be13b882eb5d71f7842f27de9e1964255189,레즌･슈나이더
1f3448db6cbb6dfd5d59f6700313b42d9f58f39b4f18cabfc010663d035bf27a,레빌
cb1b77e511060f02d3cac5a80e70f5e8e8c2f130804ad61d5bb5c39ba0438953,연방
4cea7a28da5492f0546a692417e1c4625e22a760a5e696efaf5a61a89a4e45de,로켓던
a43a73fb446f74a41d422f9f7f78fb15915c3440e56646c6fc925866256e971f,로켓런처
ea596cba7d7dc6cc1004fef9c5e95c0cdcc00914e60a4edff158f275057aa03d,로자미아
3ebe80e4ec8adfbe2a2ff56dc87994de8aa0611fdc14afefb44a1241ca510099,로자미아･바담
960570d36c2d7a40aa2bec9b00d3cdacce07c4b1294487c30516acd67379f375,러시아-1
aa23e34df6b799761058376db7fedcb4abf978bbed27211b4955f08ed47a5d7d,러시아-2
463956097e768d501dce7438e94d92c285d0f8316a35f60503ea536750a976bc,러시아-3
a702b6ed27d441a59f8bb022ac8b02ef9379b19b943dd31942875262624f2989,로베르토
3c5b08736e7de95843295b546a98a95137a9fcf52565090d90b30481f03ee6e4,롱스피어
170be0e0b8ac7b869139b796d58498f88bc5ffba793c199030d3e91b36bdeab5,롱빔라이플
c222fbc9435a182f65a7c9dd039bbd4ee527b9429472f612f5b241cfe254e847,롱라이플
be7b17e4918a0ae637f6e1c1b2c05c2903349975a9230b00f93b976e33e98a1c,롬멜
0b002af150bf86112445aa13157c984600ea1ccc77ff2d881d06ca5d569b3189,왓케인
efb8ad44015dfaa3b8b8a317854be9fe0e9d0b6bbbc1c933053985631494345a,와이어트
9349f2cd8e7d73a59338e414fbba846f28db78e68e351f53b27c085129474c9e,와이드커터
8ba5d50fac1ee8d1aee988cde509b34c8da3a838165409328f843d327d2f7ec4,와임
